Part_ID,Subgroup,Within_Subgroup_Order,Run_Order,Timestamp,Phase,True_Diameter_mm,Diameter_mm,Setup_Code,Diameter_Fail
SPC-001-1,1,1,1,2026-09-07T08:00:00,reference,19.9585015132221,19.954413907334075,VERIFIED_ZERO,False
SPC-001-2,1,2,2,2026-09-07T08:01:00,reference,19.988476019623754,19.986832534167167,VERIFIED_ZERO,False
SPC-001-3,1,3,3,2026-09-07T08:02:00,reference,20.008232003820684,20.002816842026785,VERIFIED_ZERO,False
SPC-001-4,1,4,4,2026-09-07T08:03:00,reference,19.97270704254128,19.96319384644432,VERIFIED_ZERO,False
SPC-001-5,1,5,5,2026-09-07T08:04:00,reference,20.087216799614982,20.086380280601514,VERIFIED_ZERO,False
SPC-002-1,2,1,6,2026-09-07T08:15:00,reference,19.861670330735937,19.851297909347885,VERIFIED_ZERO,False
SPC-002-2,2,2,7,2026-09-07T08:16:00,reference,19.916950207913082,19.910121055113148,VERIFIED_ZERO,False
SPC-002-3,2,3,8,2026-09-07T08:17:00,reference,20.01716977912201,20.00960228188672,VERIFIED_ZERO,False
SPC-002-4,2,4,9,2026-09-07T08:18:00,reference,20.00714804881049,20.006344787515033,VERIFIED_ZERO,False
SPC-002-5,2,5,10,2026-09-07T08:19:00,reference,19.9457829487803,19.944481728523442,VERIFIED_ZERO,False
SPC-003-1,3,1,11,2026-09-07T08:30:00,reference,20.02120685320653,20.021424200742583,VERIFIED_ZERO,False
SPC-003-2,3,2,12,2026-09-07T08:31:00,reference,19.939095804902653,19.932868482038206,VERIFIED_ZERO,False
SPC-003-3,3,3,13,2026-09-07T08:32:00,reference,20.015706430673728,20.006374302656315,VERIFIED_ZERO,False
SPC-003-4,3,4,14,2026-09-07T08:33:00,reference,19.977463802336263,19.97780499014221,VERIFIED_ZERO,False
SPC-003-5,3,5,15,2026-09-07T08:34:00,reference,20.055536519070813,20.046562924745796,VERIFIED_ZERO,False
SPC-004-1,4,1,16,2026-09-07T08:45:00,reference,20.020673974284485,20.022377368826287,VERIFIED_ZERO,False
SPC-004-2,4,2,17,2026-09-07T08:46:00,reference,19.980351422226466,19.982798175186154,VERIFIED_ZERO,False
SPC-004-3,4,3,18,2026-09-07T08:47:00,reference,20.026217237878246,20.026304877103534,VERIFIED_ZERO,False
SPC-004-4,4,4,19,2026-09-07T08:48:00,reference,19.969357368259185,19.972613953377426,VERIFIED_ZERO,False
SPC-004-5,4,5,20,2026-09-07T08:49:00,reference,20.143242263824767,20.144538046352764,VERIFIED_ZERO,False
SPC-005-1,5,1,21,2026-09-07T09:00:00,reference,20.03146863311627,20.02886961455169,VERIFIED_ZERO,False
SPC-005-2,5,2,22,2026-09-07T09:01:00,reference,19.957729623762756,19.95385397990219,VERIFIED_ZERO,False
SPC-005-3,5,3,23,2026-09-07T09:02:00,reference,19.899139577965386,19.89726556027757,VERIFIED_ZERO,False
SPC-005-4,5,4,24,2026-09-07T09:03:00,reference,20.00533692697115,19.996331440959725,VERIFIED_ZERO,False
SPC-005-5,5,5,25,2026-09-07T09:04:00,reference,19.90514962635525,19.906402092338304,VERIFIED_ZERO,False
SPC-006-1,6,1,26,2026-09-07T09:15:00,reference,19.933472410283915,19.92878976309889,VERIFIED_ZERO,False
SPC-006-2,6,2,27,2026-09-07T09:16:00,reference,19.979284674007282,19.983372391295276,VERIFIED_ZERO,False
SPC-006-3,6,3,28,2026-09-07T09:17:00,reference,19.928055289041183,19.931680134537142,VERIFIED_ZERO,False
SPC-006-4,6,4,29,2026-09-07T09:18:00,reference,19.945640851823804,19.95451224821356,VERIFIED_ZERO,False
SPC-006-5,6,5,30,2026-09-07T09:19:00,reference,19.90544545047041,19.913168323161624,VERIFIED_ZERO,False
SPC-007-1,7,1,31,2026-09-07T09:30:00,reference,19.986134483991112,19.985330931929386,VERIFIED_ZERO,False
SPC-007-2,7,2,32,2026-09-07T09:31:00,reference,19.96292431870369,19.949180543392124,VERIFIED_ZERO,False
SPC-007-3,7,3,33,2026-09-07T09:32:00,reference,20.05428703697276,20.05616730418569,VERIFIED_ZERO,False
SPC-007-4,7,4,34,2026-09-07T09:33:00,reference,20.027358549450188,20.01504484773881,VERIFIED_ZERO,False
SPC-007-5,7,5,35,2026-09-07T09:34:00,reference,19.968944435734944,19.95806292628262,VERIFIED_ZERO,False
SPC-008-1,8,1,36,2026-09-07T09:45:00,reference,19.982286601937258,19.987744921833542,VERIFIED_ZERO,False
SPC-008-2,8,2,37,2026-09-07T09:46:00,reference,19.886066856621348,19.880155670975267,VERIFIED_ZERO,False
SPC-008-3,8,3,38,2026-09-07T09:47:00,reference,19.985638500492563,19.98630424796613,VERIFIED_ZERO,False
SPC-008-4,8,4,39,2026-09-07T09:48:00,reference,20.042258982543974,20.043730217747633,VERIFIED_ZERO,False
SPC-008-5,8,5,40,2026-09-07T09:49:00,reference,19.97491491156865,19.969923094137304,VERIFIED_ZERO,False
SPC-009-1,9,1,41,2026-09-07T10:00:00,reference,19.979817004468,19.97227528476682,VERIFIED_ZERO,False
SPC-009-2,9,2,42,2026-09-07T10:01:00,reference,20.045225372786383,20.043206509170993,VERIFIED_ZERO,False
SPC-009-3,9,3,43,2026-09-07T10:02:00,reference,20.033750749049336,20.031998081522552,VERIFIED_ZERO,False
SPC-009-4,9,4,44,2026-09-07T10:03:00,reference,20.005291138767642,20.009277070172534,VERIFIED_ZERO,False
SPC-009-5,9,5,45,2026-09-07T10:04:00,reference,20.02271326354222,20.027498289427978,VERIFIED_ZERO,False
SPC-010-1,10,1,46,2026-09-07T10:15:00,reference,19.994549863425252,19.995924089009517,VERIFIED_ZERO,False
SPC-010-2,10,2,47,2026-09-07T10:16:00,reference,20.02155799115351,20.013951023137167,VERIFIED_ZERO,False
SPC-010-3,10,3,48,2026-09-07T10:17:00,reference,19.9539717431226,19.959195458087237,VERIFIED_ZERO,False
SPC-010-4,10,4,49,2026-09-07T10:18:00,reference,20.089575210715527,20.085254893515007,VERIFIED_ZERO,False
SPC-010-5,10,5,50,2026-09-07T10:19:00,reference,19.975636007210024,19.98034975804901,VERIFIED_ZERO,False
SPC-011-1,11,1,51,2026-09-07T10:30:00,reference,19.98642892801445,19.98543792033872,VERIFIED_ZERO,False
SPC-011-2,11,2,52,2026-09-07T10:31:00,reference,19.991062958531966,19.998253755120334,VERIFIED_ZERO,False
SPC-011-3,11,3,53,2026-09-07T10:32:00,reference,19.976457636603843,19.978510390297316,VERIFIED_ZERO,False
SPC-011-4,11,4,54,2026-09-07T10:33:00,reference,20.0694263931071,20.067997061235765,VERIFIED_ZERO,False
SPC-011-5,11,5,55,2026-09-07T10:34:00,reference,19.96966012857517,19.97598104999615,VERIFIED_ZERO,False
SPC-012-1,12,1,56,2026-09-07T10:45:00,reference,19.973805816902164,19.979442745782418,VERIFIED_ZERO,False
SPC-012-2,12,2,57,2026-09-07T10:46:00,reference,20.01467410181987,20.015938050969257,VERIFIED_ZERO,False
SPC-012-3,12,3,58,2026-09-07T10:47:00,reference,20.001796845729622,19.99361404909371,VERIFIED_ZERO,False
SPC-012-4,12,4,59,2026-09-07T10:48:00,reference,20.05973255881896,20.051574942095886,VERIFIED_ZERO,False
SPC-012-5,12,5,60,2026-09-07T10:49:00,reference,20.015384692890194,20.02031943061803,VERIFIED_ZERO,False
SPC-013-1,13,1,61,2026-09-07T11:00:00,reference,20.040672419208672,20.033388649311807,VERIFIED_ZERO,False
SPC-013-2,13,2,62,2026-09-07T11:01:00,reference,20.019256093409318,20.019138519206624,VERIFIED_ZERO,False
SPC-013-3,13,3,63,2026-09-07T11:02:00,reference,20.06020690932117,20.056030109591145,VERIFIED_ZERO,False
SPC-013-4,13,4,64,2026-09-07T11:03:00,reference,19.957051783673943,19.957047708030956,VERIFIED_ZERO,False
SPC-013-5,13,5,65,2026-09-07T11:04:00,reference,20.054328280140346,20.06148767267905,VERIFIED_ZERO,False
SPC-014-1,14,1,66,2026-09-07T11:15:00,reference,19.986684000324264,19.990892083185578,VERIFIED_ZERO,False
SPC-014-2,14,2,67,2026-09-07T11:16:00,reference,19.911883738472245,19.905766572176624,VERIFIED_ZERO,False
SPC-014-3,14,3,68,2026-09-07T11:17:00,reference,19.964445879505625,19.966337685534686,VERIFIED_ZERO,False
SPC-014-4,14,4,69,2026-09-07T11:18:00,reference,19.948648408477446,19.957097877762852,VERIFIED_ZERO,False
SPC-014-5,14,5,70,2026-09-07T11:19:00,reference,20.09519247003365,20.091228081718118,VERIFIED_ZERO,False
SPC-015-1,15,1,71,2026-09-07T11:30:00,reference,19.94526489562605,19.943450641160876,VERIFIED_ZERO,False
SPC-015-2,15,2,72,2026-09-07T11:31:00,reference,19.998583889527826,20.008158219222768,VERIFIED_ZERO,False
SPC-015-3,15,3,73,2026-09-07T11:32:00,reference,20.050901338564017,20.046759453109896,VERIFIED_ZERO,False
SPC-015-4,15,4,74,2026-09-07T11:33:00,reference,20.055989745583464,20.0620101742056,VERIFIED_ZERO,False
SPC-015-5,15,5,75,2026-09-07T11:34:00,reference,19.935397408652886,19.949075452620622,VERIFIED_ZERO,False
SPC-016-1,16,1,76,2026-09-07T11:45:00,reference,19.979812018434426,19.98225007957666,VERIFIED_ZERO,False
SPC-016-2,16,2,77,2026-09-07T11:46:00,reference,20.018743727638554,20.02286138153817,VERIFIED_ZERO,False
SPC-016-3,16,3,78,2026-09-07T11:47:00,reference,19.934072133076914,19.931760336517748,VERIFIED_ZERO,False
SPC-016-4,16,4,79,2026-09-07T11:48:00,reference,20.070728704933288,20.071560427469276,VERIFIED_ZERO,False
SPC-016-5,16,5,80,2026-09-07T11:49:00,reference,20.0436339147182,20.048230284919534,VERIFIED_ZERO,False
SPC-017-1,17,1,81,2026-09-07T12:00:00,reference,19.979139686693266,19.96503759052801,VERIFIED_ZERO,False
SPC-017-2,17,2,82,2026-09-07T12:01:00,reference,19.991502696251843,20.00227561566051,VERIFIED_ZERO,False
SPC-017-3,17,3,83,2026-09-07T12:02:00,reference,19.94303159730315,19.948972133219023,VERIFIED_ZERO,False
SPC-017-4,17,4,84,2026-09-07T12:03:00,reference,20.05015407226175,20.038523608262572,VERIFIED_ZERO,False
SPC-017-5,17,5,85,2026-09-07T12:04:00,reference,20.000102740864584,20.004566428839794,VERIFIED_ZERO,False
SPC-018-1,18,1,86,2026-09-07T12:15:00,reference,19.996573778914556,19.996100414894503,VERIFIED_ZERO,False
SPC-018-2,18,2,87,2026-09-07T12:16:00,reference,20.028226638634063,20.023201217950835,VERIFIED_ZERO,False
SPC-018-3,18,3,88,2026-09-07T12:17:00,reference,20.020096007409226,20.0225821150048,VERIFIED_ZERO,False
SPC-018-4,18,4,89,2026-09-07T12:18:00,reference,19.92064499446125,19.917662072507643,VERIFIED_ZERO,False
SPC-018-5,18,5,90,2026-09-07T12:19:00,reference,20.10540170748838,20.104806746205817,VERIFIED_ZERO,False
SPC-019-1,19,1,91,2026-09-07T12:30:00,reference,19.997248056637122,19.99870843216067,VERIFIED_ZERO,False
SPC-019-2,19,2,92,2026-09-07T12:31:00,reference,20.030598123588643,20.029181427317162,VERIFIED_ZERO,False
SPC-019-3,19,3,93,2026-09-07T12:32:00,reference,19.94021447143795,19.935842857350522,VERIFIED_ZERO,False
SPC-019-4,19,4,94,2026-09-07T12:33:00,reference,19.96662038984168,19.95842809960857,VERIFIED_ZERO,False
SPC-019-5,19,5,95,2026-09-07T12:34:00,reference,19.987372067662733,19.97747714256997,VERIFIED_ZERO,False
SPC-020-1,20,1,96,2026-09-07T12:45:00,reference,20.05426768257563,20.056019959640345,VERIFIED_ZERO,False
SPC-020-2,20,2,97,2026-09-07T12:46:00,reference,20.027943080736783,20.025678366037987,VERIFIED_ZERO,False
SPC-020-3,20,3,98,2026-09-07T12:47:00,reference,19.988896091586984,19.988633257232205,VERIFIED_ZERO,False
SPC-020-4,20,4,99,2026-09-07T12:48:00,reference,19.98899044663621,19.99519231270267,VERIFIED_ZERO,False
SPC-020-5,20,5,100,2026-09-07T12:49:00,reference,20.034073474976086,20.04846325971093,VERIFIED_ZERO,False
SPC-021-1,21,1,101,2026-09-07T13:00:00,reference,20.02912935961295,20.02887661280321,VERIFIED_ZERO,False
SPC-021-2,21,2,102,2026-09-07T13:01:00,reference,19.95574748416564,19.953059199323437,VERIFIED_ZERO,False
SPC-021-3,21,3,103,2026-09-07T13:02:00,reference,19.985110879733778,19.97934188389665,VERIFIED_ZERO,False
SPC-021-4,21,4,104,2026-09-07T13:03:00,reference,20.015513857039515,20.007505979275752,VERIFIED_ZERO,False
SPC-021-5,21,5,105,2026-09-07T13:04:00,reference,20.03049599215285,20.029176604704972,VERIFIED_ZERO,False
SPC-022-1,22,1,106,2026-09-07T13:15:00,reference,20.024981758000468,20.032634765946018,VERIFIED_ZERO,False
SPC-022-2,22,2,107,2026-09-07T13:16:00,reference,19.926547328221037,19.928975947654028,VERIFIED_ZERO,False
SPC-022-3,22,3,108,2026-09-07T13:17:00,reference,20.037682349338674,20.037638833005396,VERIFIED_ZERO,False
SPC-022-4,22,4,109,2026-09-07T13:18:00,reference,19.899738443099096,19.90247033076562,VERIFIED_ZERO,False
SPC-022-5,22,5,110,2026-09-07T13:19:00,reference,19.946291056695053,19.943320660179783,VERIFIED_ZERO,False
SPC-023-1,23,1,111,2026-09-07T13:30:00,reference,20.005437609716108,20.002746902205537,VERIFIED_ZERO,False
SPC-023-2,23,2,112,2026-09-07T13:31:00,reference,20.005039756766205,20.008808464071652,VERIFIED_ZERO,False
SPC-023-3,23,3,113,2026-09-07T13:32:00,reference,19.930821027446935,19.931045015256938,VERIFIED_ZERO,False
SPC-023-4,23,4,114,2026-09-07T13:33:00,reference,19.935297736914713,19.936919985144478,VERIFIED_ZERO,False
SPC-023-5,23,5,115,2026-09-07T13:34:00,reference,20.034685092065182,20.0229623533748,VERIFIED_ZERO,False
SPC-024-1,24,1,116,2026-09-07T13:45:00,reference,20.09019860207307,20.084941636191445,VERIFIED_ZERO,False
SPC-024-2,24,2,117,2026-09-07T13:46:00,reference,19.97430399882387,19.978026420317086,VERIFIED_ZERO,False
SPC-024-3,24,3,118,2026-09-07T13:47:00,reference,20.06440596684561,20.064418985427874,VERIFIED_ZERO,False
SPC-024-4,24,4,119,2026-09-07T13:48:00,reference,19.954969904340704,19.956710575521672,VERIFIED_ZERO,False
SPC-024-5,24,5,120,2026-09-07T13:49:00,reference,20.007082853133973,20.018540789815187,VERIFIED_ZERO,False
SPC-025-1,25,1,121,2026-09-07T14:00:00,reference,20.0268739688177,20.028409664746103,VERIFIED_ZERO,False
SPC-025-2,25,2,122,2026-09-07T14:01:00,reference,19.985762696411566,19.979251626637776,VERIFIED_ZERO,False
SPC-025-3,25,3,123,2026-09-07T14:02:00,reference,19.97441225766209,19.972720450979914,VERIFIED_ZERO,False
SPC-025-4,25,4,124,2026-09-07T14:03:00,reference,20.030182810062794,20.031377247867454,VERIFIED_ZERO,False
SPC-025-5,25,5,125,2026-09-07T14:04:00,reference,20.023595611031574,20.023243049745865,VERIFIED_ZERO,False
SPC-026-1,26,1,126,2026-09-07T14:15:00,reference,19.985212209646875,19.978722926104762,VERIFIED_ZERO,False
SPC-026-2,26,2,127,2026-09-07T14:16:00,reference,20.035298963201573,20.035771686268102,VERIFIED_ZERO,False
SPC-026-3,26,3,128,2026-09-07T14:17:00,reference,19.98434420759844,19.97461173630564,VERIFIED_ZERO,False
SPC-026-4,26,4,129,2026-09-07T14:18:00,reference,19.967608474307863,19.96361152500607,VERIFIED_ZERO,False
SPC-026-5,26,5,130,2026-09-07T14:19:00,reference,19.991117045783056,19.984934692132157,VERIFIED_ZERO,False
SPC-027-1,27,1,131,2026-09-07T14:30:00,reference,19.96445405983359,19.95644913563949,VERIFIED_ZERO,False
SPC-027-2,27,2,132,2026-09-07T14:31:00,reference,19.98376744513361,19.979536100655174,VERIFIED_ZERO,False
SPC-027-3,27,3,133,2026-09-07T14:32:00,reference,19.95192627097058,19.956503921018825,VERIFIED_ZERO,False
SPC-027-4,27,4,134,2026-09-07T14:33:00,reference,20.06379419855127,20.05965386654571,VERIFIED_ZERO,False
SPC-027-5,27,5,135,2026-09-07T14:34:00,reference,20.045661823712344,20.03909025826661,VERIFIED_ZERO,False
SPC-028-1,28,1,136,2026-09-07T14:45:00,reference,20.018846704791144,20.014341063643393,VERIFIED_ZERO,False
SPC-028-2,28,2,137,2026-09-07T14:46:00,reference,20.065823940807036,20.058521227800156,VERIFIED_ZERO,False
SPC-028-3,28,3,138,2026-09-07T14:47:00,reference,19.969047067906892,19.96467269203593,VERIFIED_ZERO,False
SPC-028-4,28,4,139,2026-09-07T14:48:00,reference,20.114709967509107,20.120019723857,VERIFIED_ZERO,False
SPC-028-5,28,5,140,2026-09-07T14:49:00,reference,20.015846787529767,20.020415844579393,VERIFIED_ZERO,False
SPC-029-1,29,1,141,2026-09-07T15:00:00,reference,20.025956876604337,20.02152918520817,VERIFIED_ZERO,False
SPC-029-2,29,2,142,2026-09-07T15:01:00,reference,20.01649221628524,20.00763190865611,VERIFIED_ZERO,False
SPC-029-3,29,3,143,2026-09-07T15:02:00,reference,20.072443952841937,20.08094711420607,VERIFIED_ZERO,False
SPC-029-4,29,4,144,2026-09-07T15:03:00,reference,20.002444349967845,19.989297712777244,VERIFIED_ZERO,False
SPC-029-5,29,5,145,2026-09-07T15:04:00,reference,19.993747412209338,19.988411688771464,VERIFIED_ZERO,False
SPC-030-1,30,1,146,2026-09-07T15:15:00,reference,20.041919798240823,20.040356828181906,VERIFIED_ZERO,False
SPC-030-2,30,2,147,2026-09-07T15:16:00,reference,19.9639504306442,19.955494019761968,VERIFIED_ZERO,False
SPC-030-3,30,3,148,2026-09-07T15:17:00,reference,19.987807295593985,19.986974201583443,VERIFIED_ZERO,False
SPC-030-4,30,4,149,2026-09-07T15:18:00,reference,19.97434227651207,19.975462865556835,VERIFIED_ZERO,False
SPC-030-5,30,5,150,2026-09-07T15:19:00,reference,19.97018355782152,19.96743608102875,VERIFIED_ZERO,False
SPC-031-1,31,1,151,2026-09-07T15:30:00,reference,20.026209867384228,20.025323094381918,VERIFIED_ZERO,False
SPC-031-2,31,2,152,2026-09-07T15:31:00,reference,19.957607501077163,19.966008046633515,VERIFIED_ZERO,False
SPC-031-3,31,3,153,2026-09-07T15:32:00,reference,19.992519644619957,19.99874286553837,VERIFIED_ZERO,False
SPC-031-4,31,4,154,2026-09-07T15:33:00,reference,19.940722389378596,19.945439416419546,VERIFIED_ZERO,False
SPC-031-5,31,5,155,2026-09-07T15:34:00,reference,20.031343602956593,20.036447288292624,VERIFIED_ZERO,False
SPC-032-1,32,1,156,2026-09-07T15:45:00,reference,19.97161683975614,19.968566185317986,VERIFIED_ZERO,False
SPC-032-2,32,2,157,2026-09-07T15:46:00,reference,20.053140895004187,20.063069521145575,VERIFIED_ZERO,False
SPC-032-3,32,3,158,2026-09-07T15:47:00,reference,20.057313486762066,20.059365163070666,VERIFIED_ZERO,False
SPC-032-4,32,4,159,2026-09-07T15:48:00,reference,19.961855300372253,19.960106907679187,VERIFIED_ZERO,False
SPC-032-5,32,5,160,2026-09-07T15:49:00,reference,20.011312125590653,20.01416511365267,VERIFIED_ZERO,False
SPC-033-1,33,1,161,2026-09-07T16:00:00,reference,19.99752236326448,19.984850129951237,VERIFIED_ZERO,False
SPC-033-2,33,2,162,2026-09-07T16:01:00,reference,20.014954553931595,19.997606287817852,VERIFIED_ZERO,False
SPC-033-3,33,3,163,2026-09-07T16:02:00,reference,20.05169732181683,20.04348812905299,VERIFIED_ZERO,False
SPC-033-4,33,4,164,2026-09-07T16:03:00,reference,20.031682895839143,20.025395881464874,VERIFIED_ZERO,False
SPC-033-5,33,5,165,2026-09-07T16:04:00,reference,20.003483486580034,19.99769044765311,VERIFIED_ZERO,False
SPC-034-1,34,1,166,2026-09-07T16:15:00,reference,19.96567699990495,19.964310132755607,VERIFIED_ZERO,False
SPC-034-2,34,2,167,2026-09-07T16:16:00,reference,20.00670848896825,20.00840687044473,VERIFIED_ZERO,False
SPC-034-3,34,3,168,2026-09-07T16:17:00,reference,19.97559074420249,19.971967220891635,VERIFIED_ZERO,False
SPC-034-4,34,4,169,2026-09-07T16:18:00,reference,19.93214339885025,19.927466992161683,VERIFIED_ZERO,False
SPC-034-5,34,5,170,2026-09-07T16:19:00,reference,19.981003852972233,19.984287299213275,VERIFIED_ZERO,False
SPC-035-1,35,1,171,2026-09-07T16:30:00,reference,19.990715668837865,19.985963693882876,VERIFIED_ZERO,False
SPC-035-2,35,2,172,2026-09-07T16:31:00,reference,20.031773297818066,20.027500315598374,VERIFIED_ZERO,False
SPC-035-3,35,3,173,2026-09-07T16:32:00,reference,20.012559650357506,20.01316945538718,VERIFIED_ZERO,False
SPC-035-4,35,4,174,2026-09-07T16:33:00,reference,19.986327404892336,19.98939883120666,VERIFIED_ZERO,False
SPC-035-5,35,5,175,2026-09-07T16:34:00,reference,20.059011407453916,20.057050553085578,VERIFIED_ZERO,False
SPC-036-1,36,1,176,2026-09-07T16:45:00,reference,20.06224708794037,20.058573282466604,VERIFIED_ZERO,False
SPC-036-2,36,2,177,2026-09-07T16:46:00,reference,19.99092546156268,19.993618302505894,VERIFIED_ZERO,False
SPC-036-3,36,3,178,2026-09-07T16:47:00,reference,20.05828100040877,20.054706465861848,VERIFIED_ZERO,False
SPC-036-4,36,4,179,2026-09-07T16:48:00,reference,19.9512119147636,19.955424961846187,VERIFIED_ZERO,False
SPC-036-5,36,5,180,2026-09-07T16:49:00,reference,20.012584278375247,20.005977928968424,VERIFIED_ZERO,False
SPC-037-1,37,1,181,2026-09-07T17:00:00,reference,20.02550096608384,20.030916446206355,VERIFIED_ZERO,False
SPC-037-2,37,2,182,2026-09-07T17:01:00,reference,20.050120754038065,20.067067999537,VERIFIED_ZERO,False
SPC-037-3,37,3,183,2026-09-07T17:02:00,reference,19.92923105437792,19.913058314258013,VERIFIED_ZERO,False
SPC-037-4,37,4,184,2026-09-07T17:03:00,reference,20.027251395757332,20.0340513868226,VERIFIED_ZERO,False
SPC-037-5,37,5,185,2026-09-07T17:04:00,reference,19.971366064215378,19.971016786870717,VERIFIED_ZERO,False
SPC-038-1,38,1,186,2026-09-07T17:15:00,reference,20.034866964560383,20.038643522710757,VERIFIED_ZERO,False
SPC-038-2,38,2,187,2026-09-07T17:16:00,reference,20.032732514293734,20.03644536834767,VERIFIED_ZERO,False
SPC-038-3,38,3,188,2026-09-07T17:17:00,reference,20.006470390864962,20.007453501443592,VERIFIED_ZERO,False
SPC-038-4,38,4,189,2026-09-07T17:18:00,reference,20.043293535574158,20.035978140894272,VERIFIED_ZERO,False
SPC-038-5,38,5,190,2026-09-07T17:19:00,reference,19.938327494648494,19.937482872159876,VERIFIED_ZERO,False
SPC-039-1,39,1,191,2026-09-07T17:30:00,reference,20.049583503567497,20.051175948700717,VERIFIED_ZERO,False
SPC-039-2,39,2,192,2026-09-07T17:31:00,reference,20.042299078298633,20.028965985615294,VERIFIED_ZERO,False
SPC-039-3,39,3,193,2026-09-07T17:32:00,reference,19.94622500860145,19.93687104711832,VERIFIED_ZERO,False
SPC-039-4,39,4,194,2026-09-07T17:33:00,reference,19.993722578428578,20.00132326557876,VERIFIED_ZERO,False
SPC-039-5,39,5,195,2026-09-07T17:34:00,reference,20.050037384838976,20.048790836880958,VERIFIED_ZERO,False
SPC-040-1,40,1,196,2026-09-07T17:45:00,reference,19.990369623399733,20.001935152629162,VERIFIED_ZERO,False
SPC-040-2,40,2,197,2026-09-07T17:46:00,reference,20.055301057445334,20.050331225091778,VERIFIED_ZERO,False
SPC-040-3,40,3,198,2026-09-07T17:47:00,reference,20.04935728513145,20.049252545331587,VERIFIED_ZERO,False
SPC-040-4,40,4,199,2026-09-07T17:48:00,reference,20.03255720485544,20.041021590725396,VERIFIED_ZERO,False
SPC-040-5,40,5,200,2026-09-07T17:49:00,reference,19.941507832242166,19.936681556161652,VERIFIED_ZERO,False
SPC-041-1,41,1,201,2026-09-07T18:00:00,setup_shift,20.40753622221012,20.409885975393987,OFFSET_027,True
SPC-041-2,41,2,202,2026-09-07T18:01:00,setup_shift,20.251199922135356,20.23820066024954,OFFSET_027,False
SPC-041-3,41,3,203,2026-09-07T18:02:00,setup_shift,20.229044890346007,20.23076930373975,OFFSET_027,False
SPC-041-4,41,4,204,2026-09-07T18:03:00,setup_shift,20.275990584253133,20.2875052408616,OFFSET_027,False
SPC-041-5,41,5,205,2026-09-07T18:04:00,setup_shift,20.24022566281143,20.245699850290816,OFFSET_027,False
SPC-042-1,42,1,206,2026-09-07T18:15:00,setup_shift,20.242416292418582,20.23113908560413,OFFSET_027,False
SPC-042-2,42,2,207,2026-09-07T18:16:00,setup_shift,20.210905752748538,20.206994647182896,OFFSET_027,False
SPC-042-3,42,3,208,2026-09-07T18:17:00,setup_shift,20.24165304988667,20.24025538396159,OFFSET_027,False
SPC-042-4,42,4,209,2026-09-07T18:18:00,setup_shift,20.26786178730161,20.28245858464897,OFFSET_027,False
SPC-042-5,42,5,210,2026-09-07T18:19:00,setup_shift,20.313971944778988,20.312594695757003,OFFSET_027,True
SPC-043-1,43,1,211,2026-09-07T18:30:00,setup_shift,20.27408596002709,20.266148530177034,OFFSET_027,False
SPC-043-2,43,2,212,2026-09-07T18:31:00,setup_shift,20.310814175504895,20.30470253169348,OFFSET_027,True
SPC-043-3,43,3,213,2026-09-07T18:32:00,setup_shift,20.294247755861345,20.295179663297883,OFFSET_027,False
SPC-043-4,43,4,214,2026-09-07T18:33:00,setup_shift,20.26214122949019,20.26406203865144,OFFSET_027,False
SPC-043-5,43,5,215,2026-09-07T18:34:00,setup_shift,20.303156529098196,20.300078594333065,OFFSET_027,True
SPC-044-1,44,1,216,2026-09-07T18:45:00,setup_shift,20.30852732379591,20.30838712841963,OFFSET_027,True
SPC-044-2,44,2,217,2026-09-07T18:46:00,setup_shift,20.282447792811187,20.288737353067628,OFFSET_027,False
SPC-044-3,44,3,218,2026-09-07T18:47:00,setup_shift,20.20992530837433,20.216135438029575,OFFSET_027,False
SPC-044-4,44,4,219,2026-09-07T18:48:00,setup_shift,20.320830304232324,20.327954190311093,OFFSET_027,True
SPC-044-5,44,5,220,2026-09-07T18:49:00,setup_shift,20.205701768141427,20.207002485019697,OFFSET_027,False
SPC-045-1,45,1,221,2026-09-07T19:00:00,setup_shift,20.305316245221547,20.298766195801207,OFFSET_027,False
SPC-045-2,45,2,222,2026-09-07T19:01:00,setup_shift,20.336318276568925,20.33030020612784,OFFSET_027,True
SPC-045-3,45,3,223,2026-09-07T19:02:00,setup_shift,20.237014325463967,20.231581490467402,OFFSET_027,False
SPC-045-4,45,4,224,2026-09-07T19:03:00,setup_shift,20.28406548530471,20.284468984443443,OFFSET_027,False
SPC-045-5,45,5,225,2026-09-07T19:04:00,setup_shift,20.286482311392362,20.284688675048127,OFFSET_027,False
SPC-046-1,46,1,226,2026-09-07T19:15:00,setup_shift,20.185663920964195,20.184947818810993,OFFSET_027,False
SPC-046-2,46,2,227,2026-09-07T19:16:00,setup_shift,20.246400404302626,20.25103800241472,OFFSET_027,False
SPC-046-3,46,3,228,2026-09-07T19:17:00,setup_shift,20.24725618226291,20.242642139066326,OFFSET_027,False
SPC-046-4,46,4,229,2026-09-07T19:18:00,setup_shift,20.2742349015995,20.263120262881014,OFFSET_027,False
SPC-046-5,46,5,230,2026-09-07T19:19:00,setup_shift,20.244768084069154,20.242956733390397,OFFSET_027,False
SPC-047-1,47,1,231,2026-09-07T19:30:00,setup_shift,20.245605998468044,20.240945818083983,OFFSET_027,False
SPC-047-2,47,2,232,2026-09-07T19:31:00,setup_shift,20.25416378626555,20.266944809751603,OFFSET_027,False
SPC-047-3,47,3,233,2026-09-07T19:32:00,setup_shift,20.278024106719503,20.282262641707938,OFFSET_027,False
SPC-047-4,47,4,234,2026-09-07T19:33:00,setup_shift,20.312398407605738,20.31632948324076,OFFSET_027,True
SPC-047-5,47,5,235,2026-09-07T19:34:00,setup_shift,20.204766596483285,20.210019862283684,OFFSET_027,False
SPC-048-1,48,1,236,2026-09-07T19:45:00,setup_shift,20.288171469270868,20.277596948510727,OFFSET_027,False
SPC-048-2,48,2,237,2026-09-07T19:46:00,setup_shift,20.306159157822233,20.317604127609673,OFFSET_027,True
SPC-048-3,48,3,238,2026-09-07T19:47:00,setup_shift,20.309608583722294,20.306260611556294,OFFSET_027,True
SPC-048-4,48,4,239,2026-09-07T19:48:00,setup_shift,20.29746653809901,20.295395744108944,OFFSET_027,False
SPC-048-5,48,5,240,2026-09-07T19:49:00,setup_shift,20.311229295071534,20.317368875835037,OFFSET_027,True
SPC-049-1,49,1,241,2026-09-07T20:00:00,setup_shift,20.192076107287946,20.189391298941892,OFFSET_027,False
SPC-049-2,49,2,242,2026-09-07T20:01:00,setup_shift,20.200839861137116,20.20937814255881,OFFSET_027,False
SPC-049-3,49,3,243,2026-09-07T20:02:00,setup_shift,20.28082628210535,20.28786070952391,OFFSET_027,False
SPC-049-4,49,4,244,2026-09-07T20:03:00,setup_shift,20.295300068376324,20.30155879037017,OFFSET_027,True
SPC-049-5,49,5,245,2026-09-07T20:04:00,setup_shift,20.315814844315227,20.322844621177115,OFFSET_027,True
SPC-050-1,50,1,246,2026-09-07T20:15:00,setup_shift,20.25725630324786,20.255119125386322,OFFSET_027,False
SPC-050-2,50,2,247,2026-09-07T20:16:00,setup_shift,20.259758197222727,20.260893288304633,OFFSET_027,False
SPC-050-3,50,3,248,2026-09-07T20:17:00,setup_shift,20.271479639735755,20.276378298920473,OFFSET_027,False
SPC-050-4,50,4,249,2026-09-07T20:18:00,setup_shift,20.2499407693125,20.2490064297584,OFFSET_027,False
SPC-050-5,50,5,250,2026-09-07T20:19:00,setup_shift,20.261935092315408,20.25433617917065,OFFSET_027,False
SPC-051-1,51,1,251,2026-09-07T20:30:00,setup_shift,20.313683792483978,20.32479450813025,OFFSET_027,True
SPC-051-2,51,2,252,2026-09-07T20:31:00,setup_shift,20.1913971984953,20.185866010146007,OFFSET_027,False
SPC-051-3,51,3,253,2026-09-07T20:32:00,setup_shift,20.268572196704596,20.273830024553604,OFFSET_027,False
SPC-051-4,51,4,254,2026-09-07T20:33:00,setup_shift,20.252758361534866,20.25633021611538,OFFSET_027,False
SPC-051-5,51,5,255,2026-09-07T20:34:00,setup_shift,20.260591298067034,20.2556757733343,OFFSET_027,False
SPC-052-1,52,1,256,2026-09-07T20:45:00,setup_shift,20.274054036422314,20.270542304830595,OFFSET_027,False
SPC-052-2,52,2,257,2026-09-07T20:46:00,setup_shift,20.215675120426642,20.211661039986552,OFFSET_027,False
SPC-052-3,52,3,258,2026-09-07T20:47:00,setup_shift,20.322214602540726,20.32029665687748,OFFSET_027,True
SPC-052-4,52,4,259,2026-09-07T20:48:00,setup_shift,20.187490491758854,20.183553648217718,OFFSET_027,False
SPC-052-5,52,5,260,2026-09-07T20:49:00,setup_shift,20.235480698482178,20.24775174119741,OFFSET_027,False
SPC-053-1,53,1,261,2026-09-07T21:00:00,setup_shift,20.270204900175063,20.26746464458389,OFFSET_027,False
SPC-053-2,53,2,262,2026-09-07T21:01:00,setup_shift,20.340326753419735,20.34148274038688,OFFSET_027,True
SPC-053-3,53,3,263,2026-09-07T21:02:00,setup_shift,20.248488358868837,20.249375661410017,OFFSET_027,False
SPC-053-4,53,4,264,2026-09-07T21:03:00,setup_shift,20.28108349305164,20.276099696772278,OFFSET_027,False
SPC-053-5,53,5,265,2026-09-07T21:04:00,setup_shift,20.30887073087361,20.30722267346066,OFFSET_027,True
SPC-054-1,54,1,266,2026-09-07T21:15:00,setup_shift,20.225063040025727,20.220654878525128,OFFSET_027,False
SPC-054-2,54,2,267,2026-09-07T21:16:00,setup_shift,20.275449663749637,20.276836874129522,OFFSET_027,False
SPC-054-3,54,3,268,2026-09-07T21:17:00,setup_shift,20.294298801622578,20.288365154993546,OFFSET_027,False
SPC-054-4,54,4,269,2026-09-07T21:18:00,setup_shift,20.225392406257463,20.223815572401765,OFFSET_027,False
SPC-054-5,54,5,270,2026-09-07T21:19:00,setup_shift,20.238109018814548,20.233132629074564,OFFSET_027,False
SPC-055-1,55,1,271,2026-09-07T21:30:00,setup_shift,20.29578542815945,20.299650589616427,OFFSET_027,False
SPC-055-2,55,2,272,2026-09-07T21:31:00,setup_shift,20.33606068901163,20.33545469125322,OFFSET_027,True
SPC-055-3,55,3,273,2026-09-07T21:32:00,setup_shift,20.26403809124068,20.262104924658235,OFFSET_027,False
SPC-055-4,55,4,274,2026-09-07T21:33:00,setup_shift,20.23380708856975,20.234229607478277,OFFSET_027,False
SPC-055-5,55,5,275,2026-09-07T21:34:00,setup_shift,20.26893357807969,20.26369288708703,OFFSET_027,False
SPC-056-1,56,1,276,2026-09-07T21:45:00,setup_shift,20.263621154701084,20.257670909432214,OFFSET_027,False
SPC-056-2,56,2,277,2026-09-07T21:46:00,setup_shift,20.26552167261147,20.26690583911026,OFFSET_027,False
SPC-056-3,56,3,278,2026-09-07T21:47:00,setup_shift,20.3101127361278,20.304714086333593,OFFSET_027,True
SPC-056-4,56,4,279,2026-09-07T21:48:00,setup_shift,20.232412068933346,20.225023919149173,OFFSET_027,False
SPC-056-5,56,5,280,2026-09-07T21:49:00,setup_shift,20.283001965638565,20.28635141462409,OFFSET_027,False
SPC-057-1,57,1,281,2026-09-07T22:00:00,setup_shift,20.15536763595316,20.159706975814178,OFFSET_027,False
SPC-057-2,57,2,282,2026-09-07T22:01:00,setup_shift,20.34382853201417,20.34630628309092,OFFSET_027,True
SPC-057-3,57,3,283,2026-09-07T22:02:00,setup_shift,20.230233367691756,20.228794277635174,OFFSET_027,False
SPC-057-4,57,4,284,2026-09-07T22:03:00,setup_shift,20.151010586973367,20.153928139079625,OFFSET_027,False
SPC-057-5,57,5,285,2026-09-07T22:04:00,setup_shift,20.252805726895577,20.245584150464484,OFFSET_027,False
SPC-058-1,58,1,286,2026-09-07T22:15:00,setup_shift,20.266520108641807,20.267315229746956,OFFSET_027,False
SPC-058-2,58,2,287,2026-09-07T22:16:00,setup_shift,20.27604388745255,20.277677194165857,OFFSET_027,False
SPC-058-3,58,3,288,2026-09-07T22:17:00,setup_shift,20.226780510892514,20.237039977721576,OFFSET_027,False
SPC-058-4,58,4,289,2026-09-07T22:18:00,setup_shift,20.301666208246488,20.30875192960673,OFFSET_027,True
SPC-058-5,58,5,290,2026-09-07T22:19:00,setup_shift,20.234171140051718,20.239198382659357,OFFSET_027,False
SPC-059-1,59,1,291,2026-09-07T22:30:00,setup_shift,20.2891525665518,20.280057292286283,OFFSET_027,False
SPC-059-2,59,2,292,2026-09-07T22:31:00,setup_shift,20.30666996632756,20.30705603471056,OFFSET_027,True
SPC-059-3,59,3,293,2026-09-07T22:32:00,setup_shift,20.174050214960012,20.16902762944529,OFFSET_027,False
SPC-059-4,59,4,294,2026-09-07T22:33:00,setup_shift,20.26389118288519,20.253025065087765,OFFSET_027,False
SPC-059-5,59,5,295,2026-09-07T22:34:00,setup_shift,20.266535724787197,20.266754662269534,OFFSET_027,False
SPC-060-1,60,1,296,2026-09-07T22:45:00,setup_shift,20.250132166890733,20.26063811282536,OFFSET_027,False
SPC-060-2,60,2,297,2026-09-07T22:46:00,setup_shift,20.26756556215306,20.27503197826493,OFFSET_027,False
SPC-060-3,60,3,298,2026-09-07T22:47:00,setup_shift,20.299108378132,20.290848512085816,OFFSET_027,False
SPC-060-4,60,4,299,2026-09-07T22:48:00,setup_shift,20.20519146908798,20.202531267402726,OFFSET_027,False
SPC-060-5,60,5,300,2026-09-07T22:49:00,setup_shift,20.207942390960977,20.210936152738373,OFFSET_027,False
SPC-061-1,61,1,301,2026-09-07T23:00:00,rebaseline,20.050631691869135,20.046496193671565,VERIFIED_ZERO,False
SPC-061-2,61,2,302,2026-09-07T23:01:00,rebaseline,20.02069841293729,20.02388690175588,VERIFIED_ZERO,False
SPC-061-3,61,3,303,2026-09-07T23:02:00,rebaseline,19.992714266785867,19.996810174174367,VERIFIED_ZERO,False
SPC-061-4,61,4,304,2026-09-07T23:03:00,rebaseline,19.974936609896886,19.974077985036416,VERIFIED_ZERO,False
SPC-061-5,61,5,305,2026-09-07T23:04:00,rebaseline,19.94382531983337,19.941939313736427,VERIFIED_ZERO,False
SPC-062-1,62,1,306,2026-09-07T23:15:00,rebaseline,19.96461054389339,19.978831611114614,VERIFIED_ZERO,False
SPC-062-2,62,2,307,2026-09-07T23:16:00,rebaseline,19.91115766903244,19.915935533995874,VERIFIED_ZERO,False
SPC-062-3,62,3,308,2026-09-07T23:17:00,rebaseline,19.9855297504479,19.98322460009198,VERIFIED_ZERO,False
SPC-062-4,62,4,309,2026-09-07T23:18:00,rebaseline,19.994859722883263,19.991746401111342,VERIFIED_ZERO,False
SPC-062-5,62,5,310,2026-09-07T23:19:00,rebaseline,19.96372205606375,19.967337902741008,VERIFIED_ZERO,False
SPC-063-1,63,1,311,2026-09-07T23:30:00,rebaseline,19.940086010564,19.94361784618946,VERIFIED_ZERO,False
SPC-063-2,63,2,312,2026-09-07T23:31:00,rebaseline,19.931655233232696,19.9238532707371,VERIFIED_ZERO,False
SPC-063-3,63,3,313,2026-09-07T23:32:00,rebaseline,19.996471698812456,19.98960993933641,VERIFIED_ZERO,False
SPC-063-4,63,4,314,2026-09-07T23:33:00,rebaseline,19.968700240626028,19.957535050687312,VERIFIED_ZERO,False
SPC-063-5,63,5,315,2026-09-07T23:34:00,rebaseline,20.070342268625033,20.069655118592635,VERIFIED_ZERO,False
SPC-064-1,64,1,316,2026-09-07T23:45:00,rebaseline,20.033613425158048,20.028386395261197,VERIFIED_ZERO,False
SPC-064-2,64,2,317,2026-09-07T23:46:00,rebaseline,19.996203500012673,19.995740182157203,VERIFIED_ZERO,False
SPC-064-3,64,3,318,2026-09-07T23:47:00,rebaseline,20.006805161170476,20.002065157105964,VERIFIED_ZERO,False
SPC-064-4,64,4,319,2026-09-07T23:48:00,rebaseline,20.021959833871197,20.025485216565443,VERIFIED_ZERO,False
SPC-064-5,64,5,320,2026-09-07T23:49:00,rebaseline,19.967087423196084,19.965434120874928,VERIFIED_ZERO,False
SPC-065-1,65,1,321,2026-09-08T00:00:00,rebaseline,19.98048242079637,19.976880665117875,VERIFIED_ZERO,False
SPC-065-2,65,2,322,2026-09-08T00:01:00,rebaseline,20.017147140817187,20.017527321441477,VERIFIED_ZERO,False
SPC-065-3,65,3,323,2026-09-08T00:02:00,rebaseline,20.009843267611913,20.008003650137397,VERIFIED_ZERO,False
SPC-065-4,65,4,324,2026-09-08T00:03:00,rebaseline,20.047764135282613,20.040981526714834,VERIFIED_ZERO,False
SPC-065-5,65,5,325,2026-09-08T00:04:00,rebaseline,20.019252912904754,20.020552763777136,VERIFIED_ZERO,False
SPC-066-1,66,1,326,2026-09-08T00:15:00,rebaseline,19.91547179512308,19.916855314755708,VERIFIED_ZERO,False
SPC-066-2,66,2,327,2026-09-08T00:16:00,rebaseline,20.020836050649827,20.031610300476217,VERIFIED_ZERO,False
SPC-066-3,66,3,328,2026-09-08T00:17:00,rebaseline,19.99938610239817,19.996758156603878,VERIFIED_ZERO,False
SPC-066-4,66,4,329,2026-09-08T00:18:00,rebaseline,19.970866611846198,19.963009592256444,VERIFIED_ZERO,False
SPC-066-5,66,5,330,2026-09-08T00:19:00,rebaseline,20.075020264303202,20.076375645365285,VERIFIED_ZERO,False
SPC-067-1,67,1,331,2026-09-08T00:30:00,rebaseline,19.994564167684423,20.0019305358944,VERIFIED_ZERO,False
SPC-067-2,67,2,332,2026-09-08T00:31:00,rebaseline,19.999335475943354,20.00587023000749,VERIFIED_ZERO,False
SPC-067-3,67,3,333,2026-09-08T00:32:00,rebaseline,19.974181159535757,19.964409932657734,VERIFIED_ZERO,False
SPC-067-4,67,4,334,2026-09-08T00:33:00,rebaseline,19.987721090247984,19.97632328630613,VERIFIED_ZERO,False
SPC-067-5,67,5,335,2026-09-08T00:34:00,rebaseline,20.049154183736903,20.047969260727832,VERIFIED_ZERO,False
SPC-068-1,68,1,336,2026-09-08T00:45:00,rebaseline,20.005747812543188,19.989058283908285,VERIFIED_ZERO,False
SPC-068-2,68,2,337,2026-09-08T00:46:00,rebaseline,20.04753897762701,20.04859909385868,VERIFIED_ZERO,False
SPC-068-3,68,3,338,2026-09-08T00:47:00,rebaseline,20.030394614669476,20.036942204380647,VERIFIED_ZERO,False
SPC-068-4,68,4,339,2026-09-08T00:48:00,rebaseline,19.96584272223613,19.975361917094794,VERIFIED_ZERO,False
SPC-068-5,68,5,340,2026-09-08T00:49:00,rebaseline,20.091383403629177,20.08607506559881,VERIFIED_ZERO,False
SPC-069-1,69,1,341,2026-09-08T01:00:00,rebaseline,20.057532784054352,20.061874093001848,VERIFIED_ZERO,False
SPC-069-2,69,2,342,2026-09-08T01:01:00,rebaseline,19.966763513075282,19.972009680737177,VERIFIED_ZERO,False
SPC-069-3,69,3,343,2026-09-08T01:02:00,rebaseline,20.024271559352673,20.031726163052205,VERIFIED_ZERO,False
SPC-069-4,69,4,344,2026-09-08T01:03:00,rebaseline,19.99570726809227,19.99540650270323,VERIFIED_ZERO,False
SPC-069-5,69,5,345,2026-09-08T01:04:00,rebaseline,20.043130455567262,20.053957731133245,VERIFIED_ZERO,False
SPC-070-1,70,1,346,2026-09-08T01:15:00,rebaseline,19.955875444927532,19.959314436598152,VERIFIED_ZERO,False
SPC-070-2,70,2,347,2026-09-08T01:16:00,rebaseline,19.99051438165605,19.980855691930405,VERIFIED_ZERO,False
SPC-070-3,70,3,348,2026-09-08T01:17:00,rebaseline,19.984119817033452,19.984324973610097,VERIFIED_ZERO,False
SPC-070-4,70,4,349,2026-09-08T01:18:00,rebaseline,20.05739003227511,20.060254683539466,VERIFIED_ZERO,False
SPC-070-5,70,5,350,2026-09-08T01:19:00,rebaseline,20.033400478876647,20.02502442947723,VERIFIED_ZERO,False
SPC-071-1,71,1,351,2026-09-08T01:30:00,rebaseline,19.9951237471555,20.00875608199015,VERIFIED_ZERO,False
SPC-071-2,71,2,352,2026-09-08T01:31:00,rebaseline,19.991959260947564,19.993207731366883,VERIFIED_ZERO,False
SPC-071-3,71,3,353,2026-09-08T01:32:00,rebaseline,19.979859931624507,19.981948047502183,VERIFIED_ZERO,False
SPC-071-4,71,4,354,2026-09-08T01:33:00,rebaseline,19.98801868872218,19.98872385859677,VERIFIED_ZERO,False
SPC-071-5,71,5,355,2026-09-08T01:34:00,rebaseline,19.90415325373771,19.90745824562673,VERIFIED_ZERO,False
SPC-072-1,72,1,356,2026-09-08T01:45:00,rebaseline,19.988553649131333,19.983339591017653,VERIFIED_ZERO,False
SPC-072-2,72,2,357,2026-09-08T01:46:00,rebaseline,20.063974992190275,20.06133586774524,VERIFIED_ZERO,False
SPC-072-3,72,3,358,2026-09-08T01:47:00,rebaseline,20.034283399260723,20.034267072232602,VERIFIED_ZERO,False
SPC-072-4,72,4,359,2026-09-08T01:48:00,rebaseline,20.01511706196666,20.019518419100034,VERIFIED_ZERO,False
SPC-072-5,72,5,360,2026-09-08T01:49:00,rebaseline,20.040225523314383,20.045102426061675,VERIFIED_ZERO,False
SPC-073-1,73,1,361,2026-09-08T02:00:00,rebaseline,19.98362176850394,19.976467737337856,VERIFIED_ZERO,False
SPC-073-2,73,2,362,2026-09-08T02:01:00,rebaseline,20.02090674155671,20.01107552804317,VERIFIED_ZERO,False
SPC-073-3,73,3,363,2026-09-08T02:02:00,rebaseline,19.964771577853156,19.972574603146846,VERIFIED_ZERO,False
SPC-073-4,73,4,364,2026-09-08T02:03:00,rebaseline,20.019556167143413,20.01670478950629,VERIFIED_ZERO,False
SPC-073-5,73,5,365,2026-09-08T02:04:00,rebaseline,20.068594293764047,20.07355021323801,VERIFIED_ZERO,False
SPC-074-1,74,1,366,2026-09-08T02:15:00,rebaseline,19.97011504421723,19.95722575903614,VERIFIED_ZERO,False
SPC-074-2,74,2,367,2026-09-08T02:16:00,rebaseline,19.967177572233226,19.965426674372488,VERIFIED_ZERO,False
SPC-074-3,74,3,368,2026-09-08T02:17:00,rebaseline,19.98394663282485,19.978406372831536,VERIFIED_ZERO,False
SPC-074-4,74,4,369,2026-09-08T02:18:00,rebaseline,19.959420370417007,19.95312381224255,VERIFIED_ZERO,False
SPC-074-5,74,5,370,2026-09-08T02:19:00,rebaseline,20.003501778905576,20.01196122944666,VERIFIED_ZERO,False
SPC-075-1,75,1,371,2026-09-08T02:30:00,rebaseline,20.006753418924795,20.01042427059088,VERIFIED_ZERO,False
SPC-075-2,75,2,372,2026-09-08T02:31:00,rebaseline,19.95524289633063,19.949574427330692,VERIFIED_ZERO,False
SPC-075-3,75,3,373,2026-09-08T02:32:00,rebaseline,20.09406069308434,20.098136904084793,VERIFIED_ZERO,False
SPC-075-4,75,4,374,2026-09-08T02:33:00,rebaseline,19.930404626183286,19.932737914259228,VERIFIED_ZERO,False
SPC-075-5,75,5,375,2026-09-08T02:34:00,rebaseline,20.059675970722537,20.057629691022473,VERIFIED_ZERO,False
SPC-076-1,76,1,376,2026-09-08T02:45:00,rebaseline,20.013352007463997,20.019255752887943,VERIFIED_ZERO,False
SPC-076-2,76,2,377,2026-09-08T02:46:00,rebaseline,19.981103456187846,19.98016162097462,VERIFIED_ZERO,False
SPC-076-3,76,3,378,2026-09-08T02:47:00,rebaseline,20.005492379107913,20.00021123245751,VERIFIED_ZERO,False
SPC-076-4,76,4,379,2026-09-08T02:48:00,rebaseline,19.963117226129224,19.952197760138898,VERIFIED_ZERO,False
SPC-076-5,76,5,380,2026-09-08T02:49:00,rebaseline,20.03914982131758,20.03258994739855,VERIFIED_ZERO,False
SPC-077-1,77,1,381,2026-09-08T03:00:00,rebaseline,19.975510458054977,19.97844290756676,VERIFIED_ZERO,False
SPC-077-2,77,2,382,2026-09-08T03:01:00,rebaseline,20.09913929610199,20.10284241095179,VERIFIED_ZERO,False
SPC-077-3,77,3,383,2026-09-08T03:02:00,rebaseline,19.979804167129387,19.98729193751145,VERIFIED_ZERO,False
SPC-077-4,77,4,384,2026-09-08T03:03:00,rebaseline,19.987696687217078,19.98686386551684,VERIFIED_ZERO,False
SPC-077-5,77,5,385,2026-09-08T03:04:00,rebaseline,19.961760927840437,19.96539427459893,VERIFIED_ZERO,False
SPC-078-1,78,1,386,2026-09-08T03:15:00,rebaseline,19.981858853268168,19.980209800768463,VERIFIED_ZERO,False
SPC-078-2,78,2,387,2026-09-08T03:16:00,rebaseline,20.058022351278847,20.04987703230382,VERIFIED_ZERO,False
SPC-078-3,78,3,388,2026-09-08T03:17:00,rebaseline,20.010578149633837,20.008300851102177,VERIFIED_ZERO,False
SPC-078-4,78,4,389,2026-09-08T03:18:00,rebaseline,20.020638365573518,20.014792680868048,VERIFIED_ZERO,False
SPC-078-5,78,5,390,2026-09-08T03:19:00,rebaseline,19.91351493909253,19.91220814073292,VERIFIED_ZERO,False
SPC-079-1,79,1,391,2026-09-08T03:30:00,rebaseline,19.98966768928031,19.977332658130113,VERIFIED_ZERO,False
SPC-079-2,79,2,392,2026-09-08T03:31:00,rebaseline,20.043938118150326,20.041816756178495,VERIFIED_ZERO,False
SPC-079-3,79,3,393,2026-09-08T03:32:00,rebaseline,20.0244892638858,20.016366556515166,VERIFIED_ZERO,False
SPC-079-4,79,4,394,2026-09-08T03:33:00,rebaseline,20.031524159910667,20.027290358424924,VERIFIED_ZERO,False
SPC-079-5,79,5,395,2026-09-08T03:34:00,rebaseline,20.041498153800884,20.042815723045504,VERIFIED_ZERO,False
SPC-080-1,80,1,396,2026-09-08T03:45:00,rebaseline,19.947325059286452,19.946797224576716,VERIFIED_ZERO,False
SPC-080-2,80,2,397,2026-09-08T03:46:00,rebaseline,20.069965386860858,20.07391688592669,VERIFIED_ZERO,False
SPC-080-3,80,3,398,2026-09-08T03:47:00,rebaseline,19.966416552875778,19.968640952633052,VERIFIED_ZERO,False
SPC-080-4,80,4,399,2026-09-08T03:48:00,rebaseline,19.981625702085964,19.980734360012782,VERIFIED_ZERO,False
SPC-080-5,80,5,400,2026-09-08T03:49:00,rebaseline,19.987935360774653,19.97718671394067,VERIFIED_ZERO,False
SPC-081-1,81,1,401,2026-09-08T04:00:00,rebaseline,19.914528409466584,19.913887664864056,VERIFIED_ZERO,False
SPC-081-2,81,2,402,2026-09-08T04:01:00,rebaseline,20.033415043490628,20.039540743625967,VERIFIED_ZERO,False
SPC-081-3,81,3,403,2026-09-08T04:02:00,rebaseline,20.027752110127466,20.02533646229739,VERIFIED_ZERO,False
SPC-081-4,81,4,404,2026-09-08T04:03:00,rebaseline,20.01620914497482,20.01918132287994,VERIFIED_ZERO,False
SPC-081-5,81,5,405,2026-09-08T04:04:00,rebaseline,19.95844659452065,19.955853961280045,VERIFIED_ZERO,False
SPC-082-1,82,1,406,2026-09-08T04:15:00,rebaseline,19.9695165192427,19.971200366644776,VERIFIED_ZERO,False
SPC-082-2,82,2,407,2026-09-08T04:16:00,rebaseline,20.09830575328941,20.09516669662962,VERIFIED_ZERO,False
SPC-082-3,82,3,408,2026-09-08T04:17:00,rebaseline,20.014319596095323,20.00924629624661,VERIFIED_ZERO,False
SPC-082-4,82,4,409,2026-09-08T04:18:00,rebaseline,19.970584252798336,19.971113706144646,VERIFIED_ZERO,False
SPC-082-5,82,5,410,2026-09-08T04:19:00,rebaseline,19.982114077672353,19.99916418053165,VERIFIED_ZERO,False
SPC-083-1,83,1,411,2026-09-08T04:30:00,rebaseline,19.96783233935476,19.957213668881113,VERIFIED_ZERO,False
SPC-083-2,83,2,412,2026-09-08T04:31:00,rebaseline,20.05527627066732,20.065944304272172,VERIFIED_ZERO,False
SPC-083-3,83,3,413,2026-09-08T04:32:00,rebaseline,19.999341182060622,19.998094865608962,VERIFIED_ZERO,False
SPC-083-4,83,4,414,2026-09-08T04:33:00,rebaseline,20.03548259660884,20.03284452195972,VERIFIED_ZERO,False
SPC-083-5,83,5,415,2026-09-08T04:34:00,rebaseline,19.97147208450309,19.97344038324669,VERIFIED_ZERO,False
SPC-084-1,84,1,416,2026-09-08T04:45:00,rebaseline,20.02564356585288,20.026949607411392,VERIFIED_ZERO,False
SPC-084-2,84,2,417,2026-09-08T04:46:00,rebaseline,19.963235246577057,19.96084963858636,VERIFIED_ZERO,False
SPC-084-3,84,3,418,2026-09-08T04:47:00,rebaseline,20.009819790139556,20.00857158685229,VERIFIED_ZERO,False
SPC-084-4,84,4,419,2026-09-08T04:48:00,rebaseline,20.005504067281077,20.01122461255737,VERIFIED_ZERO,False
SPC-084-5,84,5,420,2026-09-08T04:49:00,rebaseline,19.967655144690774,19.966803178161374,VERIFIED_ZERO,False
SPC-085-1,85,1,421,2026-09-08T05:00:00,rebaseline,20.04158477444526,20.049457550458264,VERIFIED_ZERO,False
SPC-085-2,85,2,422,2026-09-08T05:01:00,rebaseline,20.03395352705776,20.037267344056975,VERIFIED_ZERO,False
SPC-085-3,85,3,423,2026-09-08T05:02:00,rebaseline,20.002040594144056,19.99660485981205,VERIFIED_ZERO,False
SPC-085-4,85,4,424,2026-09-08T05:03:00,rebaseline,19.935151482727335,19.935279463520104,VERIFIED_ZERO,False
SPC-085-5,85,5,425,2026-09-08T05:04:00,rebaseline,20.048878290368624,20.042982631965888,VERIFIED_ZERO,False
SPC-086-1,86,1,426,2026-09-08T05:15:00,rebaseline,20.036057741853732,20.01783002986393,VERIFIED_ZERO,False
SPC-086-2,86,2,427,2026-09-08T05:16:00,rebaseline,19.98586196030185,19.98208476501891,VERIFIED_ZERO,False
SPC-086-3,86,3,428,2026-09-08T05:17:00,rebaseline,19.9359228778701,19.93185804424184,VERIFIED_ZERO,False
SPC-086-4,86,4,429,2026-09-08T05:18:00,rebaseline,20.024169942975465,20.021937881042657,VERIFIED_ZERO,False
SPC-086-5,86,5,430,2026-09-08T05:19:00,rebaseline,19.94137962147993,19.948537126174536,VERIFIED_ZERO,False
SPC-087-1,87,1,431,2026-09-08T05:30:00,rebaseline,19.989538063580188,19.986858447117157,VERIFIED_ZERO,False
SPC-087-2,87,2,432,2026-09-08T05:31:00,rebaseline,20.079413516968263,20.096143341936,VERIFIED_ZERO,False
SPC-087-3,87,3,433,2026-09-08T05:32:00,rebaseline,19.966078626956683,19.967050142044474,VERIFIED_ZERO,False
SPC-087-4,87,4,434,2026-09-08T05:33:00,rebaseline,20.004721893565645,20.004583937387302,VERIFIED_ZERO,False
SPC-087-5,87,5,435,2026-09-08T05:34:00,rebaseline,20.027723000806805,20.025542441899365,VERIFIED_ZERO,False
SPC-088-1,88,1,436,2026-09-08T05:45:00,rebaseline,19.97756314621751,19.974838011659205,VERIFIED_ZERO,False
SPC-088-2,88,2,437,2026-09-08T05:46:00,rebaseline,20.027345184281476,20.017896135966247,VERIFIED_ZERO,False
SPC-088-3,88,3,438,2026-09-08T05:47:00,rebaseline,20.004048242807166,20.003566881961053,VERIFIED_ZERO,False
SPC-088-4,88,4,439,2026-09-08T05:48:00,rebaseline,19.986490526342926,19.98846736138707,VERIFIED_ZERO,False
SPC-088-5,88,5,440,2026-09-08T05:49:00,rebaseline,19.928414331460946,19.923475889015286,VERIFIED_ZERO,False
SPC-089-1,89,1,441,2026-09-08T06:00:00,rebaseline,19.935191884988114,19.941793317098583,VERIFIED_ZERO,False
SPC-089-2,89,2,442,2026-09-08T06:01:00,rebaseline,19.993727965436737,19.990878665080498,VERIFIED_ZERO,False
SPC-089-3,89,3,443,2026-09-08T06:02:00,rebaseline,20.017906510503234,20.018985678391623,VERIFIED_ZERO,False
SPC-089-4,89,4,444,2026-09-08T06:03:00,rebaseline,19.92987507906415,19.928709550432764,VERIFIED_ZERO,False
SPC-089-5,89,5,445,2026-09-08T06:04:00,rebaseline,19.880515195800005,19.877477524354585,VERIFIED_ZERO,False
SPC-090-1,90,1,446,2026-09-08T06:15:00,rebaseline,20.07056286961061,20.066813356030778,VERIFIED_ZERO,False
SPC-090-2,90,2,447,2026-09-08T06:16:00,rebaseline,20.040085087938245,20.036521537235306,VERIFIED_ZERO,False
SPC-090-3,90,3,448,2026-09-08T06:17:00,rebaseline,19.891236670823993,19.89275827208322,VERIFIED_ZERO,False
SPC-090-4,90,4,449,2026-09-08T06:18:00,rebaseline,19.98334460882198,19.991247981571522,VERIFIED_ZERO,False
SPC-090-5,90,5,450,2026-09-08T06:19:00,rebaseline,20.005880794623735,20.00611630972007,VERIFIED_ZERO,False
SPC-091-1,91,1,451,2026-09-08T06:30:00,rebaseline,19.953158658342605,19.958294828890068,VERIFIED_ZERO,False
SPC-091-2,91,2,452,2026-09-08T06:31:00,rebaseline,20.0697597696657,20.06128793244121,VERIFIED_ZERO,False
SPC-091-3,91,3,453,2026-09-08T06:32:00,rebaseline,20.129830164858536,20.12927176232283,VERIFIED_ZERO,False
SPC-091-4,91,4,454,2026-09-08T06:33:00,rebaseline,19.94353007882837,19.946228605104757,VERIFIED_ZERO,False
SPC-091-5,91,5,455,2026-09-08T06:34:00,rebaseline,19.969062137490987,19.96545933303341,VERIFIED_ZERO,False
SPC-092-1,92,1,456,2026-09-08T06:45:00,rebaseline,19.915775053451178,19.925272468229352,VERIFIED_ZERO,False
SPC-092-2,92,2,457,2026-09-08T06:46:00,rebaseline,19.980403694640554,19.973718782270726,VERIFIED_ZERO,False
SPC-092-3,92,3,458,2026-09-08T06:47:00,rebaseline,19.954536907363135,19.955285156649364,VERIFIED_ZERO,False
SPC-092-4,92,4,459,2026-09-08T06:48:00,rebaseline,20.010778465702213,20.007736105003655,VERIFIED_ZERO,False
SPC-092-5,92,5,460,2026-09-08T06:49:00,rebaseline,19.943295485080235,19.94960054405515,VERIFIED_ZERO,False
SPC-093-1,93,1,461,2026-09-08T07:00:00,rebaseline,20.050395100261582,20.063679044934833,VERIFIED_ZERO,False
SPC-093-2,93,2,462,2026-09-08T07:01:00,rebaseline,20.05729110319293,20.055324815769453,VERIFIED_ZERO,False
SPC-093-3,93,3,463,2026-09-08T07:02:00,rebaseline,19.915122705442652,19.916583560461522,VERIFIED_ZERO,False
SPC-093-4,93,4,464,2026-09-08T07:03:00,rebaseline,19.94607149051543,19.947331929517357,VERIFIED_ZERO,False
SPC-093-5,93,5,465,2026-09-08T07:04:00,rebaseline,19.97251846875838,19.96525054586936,VERIFIED_ZERO,False
SPC-094-1,94,1,466,2026-09-08T07:15:00,rebaseline,20.030683220338556,20.02402163057161,VERIFIED_ZERO,False
SPC-094-2,94,2,467,2026-09-08T07:16:00,rebaseline,20.053296679034787,20.049690305999274,VERIFIED_ZERO,False
SPC-094-3,94,3,468,2026-09-08T07:17:00,rebaseline,19.97704937668505,19.986904075629706,VERIFIED_ZERO,False
SPC-094-4,94,4,469,2026-09-08T07:18:00,rebaseline,19.95419281202765,19.947516901847628,VERIFIED_ZERO,False
SPC-094-5,94,5,470,2026-09-08T07:19:00,rebaseline,19.99030498984467,19.98882916451856,VERIFIED_ZERO,False
SPC-095-1,95,1,471,2026-09-08T07:30:00,rebaseline,20.007211415289213,20.00322210204148,VERIFIED_ZERO,False
SPC-095-2,95,2,472,2026-09-08T07:31:00,rebaseline,20.036942067347333,20.039306623671948,VERIFIED_ZERO,False
SPC-095-3,95,3,473,2026-09-08T07:32:00,rebaseline,19.946032997796447,19.949717387922107,VERIFIED_ZERO,False
SPC-095-4,95,4,474,2026-09-08T07:33:00,rebaseline,20.00125665896164,20.0005541550269,VERIFIED_ZERO,False
SPC-095-5,95,5,475,2026-09-08T07:34:00,rebaseline,20.014026456175184,20.01916202478517,VERIFIED_ZERO,False
SPC-096-1,96,1,476,2026-09-08T07:45:00,rebaseline,20.011530360178053,20.007384574284192,VERIFIED_ZERO,False
SPC-096-2,96,2,477,2026-09-08T07:46:00,rebaseline,20.029462910588162,20.02982272097919,VERIFIED_ZERO,False
SPC-096-3,96,3,478,2026-09-08T07:47:00,rebaseline,19.99167018218837,19.986765800792597,VERIFIED_ZERO,False
SPC-096-4,96,4,479,2026-09-08T07:48:00,rebaseline,20.038224905983306,20.046361037223395,VERIFIED_ZERO,False
SPC-096-5,96,5,480,2026-09-08T07:49:00,rebaseline,20.011207968579722,20.01209267267691,VERIFIED_ZERO,False
SPC-097-1,97,1,481,2026-09-08T08:00:00,rebaseline,19.99640993753171,19.99423107887904,VERIFIED_ZERO,False
SPC-097-2,97,2,482,2026-09-08T08:01:00,rebaseline,20.004161603509832,20.00601132260073,VERIFIED_ZERO,False
SPC-097-3,97,3,483,2026-09-08T08:02:00,rebaseline,19.987022719367854,19.986698721111182,VERIFIED_ZERO,False
SPC-097-4,97,4,484,2026-09-08T08:03:00,rebaseline,20.012991757870775,20.00831869439615,VERIFIED_ZERO,False
SPC-097-5,97,5,485,2026-09-08T08:04:00,rebaseline,19.974357473316214,19.981216494920076,VERIFIED_ZERO,False
SPC-098-1,98,1,486,2026-09-08T08:15:00,rebaseline,20.02101995057549,20.015626287144894,VERIFIED_ZERO,False
SPC-098-2,98,2,487,2026-09-08T08:16:00,rebaseline,19.9336142792187,19.933712217806935,VERIFIED_ZERO,False
SPC-098-3,98,3,488,2026-09-08T08:17:00,rebaseline,19.959372259495073,19.964752956838847,VERIFIED_ZERO,False
SPC-098-4,98,4,489,2026-09-08T08:18:00,rebaseline,19.934697692612044,19.933051096376797,VERIFIED_ZERO,False
SPC-098-5,98,5,490,2026-09-08T08:19:00,rebaseline,20.05480415394721,20.04857090696826,VERIFIED_ZERO,False
SPC-099-1,99,1,491,2026-09-08T08:30:00,rebaseline,20.067380778889614,20.064073822367543,VERIFIED_ZERO,False
SPC-099-2,99,2,492,2026-09-08T08:31:00,rebaseline,19.95197621629614,19.96267173357799,VERIFIED_ZERO,False
SPC-099-3,99,3,493,2026-09-08T08:32:00,rebaseline,20.003351762393073,20.009883132477277,VERIFIED_ZERO,False
SPC-099-4,99,4,494,2026-09-08T08:33:00,rebaseline,20.04628671724435,20.047133975246407,VERIFIED_ZERO,False
SPC-099-5,99,5,495,2026-09-08T08:34:00,rebaseline,19.976406486080247,19.971935516740263,VERIFIED_ZERO,False
SPC-100-1,100,1,496,2026-09-08T08:45:00,rebaseline,20.07470289387433,20.076266428028205,VERIFIED_ZERO,False
SPC-100-2,100,2,497,2026-09-08T08:46:00,rebaseline,20.030735022095822,20.024027980572107,VERIFIED_ZERO,False
SPC-100-3,100,3,498,2026-09-08T08:47:00,rebaseline,20.053461470677682,20.06206490202084,VERIFIED_ZERO,False
SPC-100-4,100,4,499,2026-09-08T08:48:00,rebaseline,19.96244436895503,19.966254811141027,VERIFIED_ZERO,False
SPC-100-5,100,5,500,2026-09-08T08:49:00,rebaseline,20.110390230249433,20.10474768477259,VERIFIED_ZERO,False
SPC-101-1,101,1,501,2026-09-08T09:00:00,verification,20.026982319969907,20.031098919277614,VERIFIED_ZERO,False
SPC-101-2,101,2,502,2026-09-08T09:01:00,verification,20.044239021947654,20.046601603563364,VERIFIED_ZERO,False
SPC-101-3,101,3,503,2026-09-08T09:02:00,verification,20.129245142882077,20.135973231126652,VERIFIED_ZERO,False
SPC-101-4,101,4,504,2026-09-08T09:03:00,verification,20.01868349578824,20.027163496166754,VERIFIED_ZERO,False
SPC-101-5,101,5,505,2026-09-08T09:04:00,verification,19.995290091368457,19.988962967838592,VERIFIED_ZERO,False
SPC-102-1,102,1,506,2026-09-08T09:15:00,verification,19.964341709537063,19.965108695647718,VERIFIED_ZERO,False
SPC-102-2,102,2,507,2026-09-08T09:16:00,verification,19.96843654217142,19.971143278648185,VERIFIED_ZERO,False
SPC-102-3,102,3,508,2026-09-08T09:17:00,verification,20.015910154925372,20.01635255628912,VERIFIED_ZERO,False
SPC-102-4,102,4,509,2026-09-08T09:18:00,verification,19.974426701372078,19.974388669260136,VERIFIED_ZERO,False
SPC-102-5,102,5,510,2026-09-08T09:19:00,verification,20.0573107533787,20.06350948001647,VERIFIED_ZERO,False
SPC-103-1,103,1,511,2026-09-08T09:30:00,verification,19.870561465537016,19.85973965832131,VERIFIED_ZERO,False
SPC-103-2,103,2,512,2026-09-08T09:31:00,verification,20.00967060421579,20.002647801492188,VERIFIED_ZERO,False
SPC-103-3,103,3,513,2026-09-08T09:32:00,verification,20.038286391696523,20.032764038244277,VERIFIED_ZERO,False
SPC-103-4,103,4,514,2026-09-08T09:33:00,verification,19.96060483587002,19.949447246086226,VERIFIED_ZERO,False
SPC-103-5,103,5,515,2026-09-08T09:34:00,verification,19.95990509877038,19.957823966304936,VERIFIED_ZERO,False
SPC-104-1,104,1,516,2026-09-08T09:45:00,verification,19.945621167391852,19.953245776869746,VERIFIED_ZERO,False
SPC-104-2,104,2,517,2026-09-08T09:46:00,verification,20.038890797260873,20.04062224818105,VERIFIED_ZERO,False
SPC-104-3,104,3,518,2026-09-08T09:47:00,verification,19.98836813142963,19.990651990021096,VERIFIED_ZERO,False
SPC-104-4,104,4,519,2026-09-08T09:48:00,verification,19.979529765736167,19.976985668772965,VERIFIED_ZERO,False
SPC-104-5,104,5,520,2026-09-08T09:49:00,verification,20.02478764445837,20.024035635059676,VERIFIED_ZERO,False
SPC-105-1,105,1,521,2026-09-08T10:00:00,verification,19.974504421044838,19.977613526143898,VERIFIED_ZERO,False
SPC-105-2,105,2,522,2026-09-08T10:01:00,verification,19.962835957003378,19.973760905049726,VERIFIED_ZERO,False
SPC-105-3,105,3,523,2026-09-08T10:02:00,verification,20.070520957803716,20.073329486417986,VERIFIED_ZERO,False
SPC-105-4,105,4,524,2026-09-08T10:03:00,verification,19.95906180459434,19.955133415875576,VERIFIED_ZERO,False
SPC-105-5,105,5,525,2026-09-08T10:04:00,verification,20.005082650180807,20.00514563391713,VERIFIED_ZERO,False
SPC-106-1,106,1,526,2026-09-08T10:15:00,verification,19.938750417800357,19.943878928762924,VERIFIED_ZERO,False
SPC-106-2,106,2,527,2026-09-08T10:16:00,verification,20.043158695455467,20.044046104168736,VERIFIED_ZERO,False
SPC-106-3,106,3,528,2026-09-08T10:17:00,verification,19.97158755407398,19.979835639137,VERIFIED_ZERO,False
SPC-106-4,106,4,529,2026-09-08T10:18:00,verification,19.9987164433751,19.991106292940472,VERIFIED_ZERO,False
SPC-106-5,106,5,530,2026-09-08T10:19:00,verification,20.04111385484453,20.040261756967016,VERIFIED_ZERO,False
SPC-107-1,107,1,531,2026-09-08T10:30:00,verification,20.061167369305647,20.06202169942162,VERIFIED_ZERO,False
SPC-107-2,107,2,532,2026-09-08T10:31:00,verification,19.963943803768412,19.967044413396522,VERIFIED_ZERO,False
SPC-107-3,107,3,533,2026-09-08T10:32:00,verification,20.00098266790806,19.99767655119522,VERIFIED_ZERO,False
SPC-107-4,107,4,534,2026-09-08T10:33:00,verification,19.987653653241825,19.987081114711465,VERIFIED_ZERO,False
SPC-107-5,107,5,535,2026-09-08T10:34:00,verification,20.11192268720875,20.113631388704526,VERIFIED_ZERO,False
SPC-108-1,108,1,536,2026-09-08T10:45:00,verification,19.941917988794902,19.93655702582308,VERIFIED_ZERO,False
SPC-108-2,108,2,537,2026-09-08T10:46:00,verification,19.934324542972018,19.92758159628591,VERIFIED_ZERO,False
SPC-108-3,108,3,538,2026-09-08T10:47:00,verification,19.99514867274474,19.98799534880806,VERIFIED_ZERO,False
SPC-108-4,108,4,539,2026-09-08T10:48:00,verification,20.009363938792372,20.01358255904014,VERIFIED_ZERO,False
SPC-108-5,108,5,540,2026-09-08T10:49:00,verification,20.017696685654123,20.021709917474254,VERIFIED_ZERO,False
SPC-109-1,109,1,541,2026-09-08T11:00:00,verification,20.037573636315162,20.040608055353033,VERIFIED_ZERO,False
SPC-109-2,109,2,542,2026-09-08T11:01:00,verification,19.951741786264968,19.954855851299055,VERIFIED_ZERO,False
SPC-109-3,109,3,543,2026-09-08T11:02:00,verification,20.027556693222238,20.032276705909894,VERIFIED_ZERO,False
SPC-109-4,109,4,544,2026-09-08T11:03:00,verification,20.072884102492868,20.07273632551143,VERIFIED_ZERO,False
SPC-109-5,109,5,545,2026-09-08T11:04:00,verification,20.015604052836803,20.01441491502876,VERIFIED_ZERO,False
SPC-110-1,110,1,546,2026-09-08T11:15:00,verification,20.054005022157096,20.05999167637155,VERIFIED_ZERO,False
SPC-110-2,110,2,547,2026-09-08T11:16:00,verification,20.071012384472265,20.069197019123337,VERIFIED_ZERO,False
SPC-110-3,110,3,548,2026-09-08T11:17:00,verification,19.930733311019708,19.93403080552567,VERIFIED_ZERO,False
SPC-110-4,110,4,549,2026-09-08T11:18:00,verification,20.000992574151358,20.00719910096569,VERIFIED_ZERO,False
SPC-110-5,110,5,550,2026-09-08T11:19:00,verification,20.038447828444628,20.03914613119059,VERIFIED_ZERO,False
SPC-111-1,111,1,551,2026-09-08T11:30:00,verification,20.000495442149045,20.007116146276516,VERIFIED_ZERO,False
SPC-111-2,111,2,552,2026-09-08T11:31:00,verification,19.96164689385647,19.960241123330054,VERIFIED_ZERO,False
SPC-111-3,111,3,553,2026-09-08T11:32:00,verification,19.930171068393417,19.926931360655626,VERIFIED_ZERO,False
SPC-111-4,111,4,554,2026-09-08T11:33:00,verification,19.9887193912375,19.990608507385453,VERIFIED_ZERO,False
SPC-111-5,111,5,555,2026-09-08T11:34:00,verification,20.03676779031059,20.041081075392405,VERIFIED_ZERO,False
SPC-112-1,112,1,556,2026-09-08T11:45:00,verification,20.067135948691764,20.06133174991325,VERIFIED_ZERO,False
SPC-112-2,112,2,557,2026-09-08T11:46:00,verification,19.99933546895206,20.00645194235989,VERIFIED_ZERO,False
SPC-112-3,112,3,558,2026-09-08T11:47:00,verification,20.003279627513248,20.01129223867479,VERIFIED_ZERO,False
SPC-112-4,112,4,559,2026-09-08T11:48:00,verification,20.048542587852534,20.045487181714538,VERIFIED_ZERO,False
SPC-112-5,112,5,560,2026-09-08T11:49:00,verification,19.94076253992244,19.949014948922574,VERIFIED_ZERO,False
SPC-113-1,113,1,561,2026-09-08T12:00:00,verification,20.04015166923963,20.038953499435628,VERIFIED_ZERO,False
SPC-113-2,113,2,562,2026-09-08T12:01:00,verification,20.034558308036704,20.041747801116244,VERIFIED_ZERO,False
SPC-113-3,113,3,563,2026-09-08T12:02:00,verification,20.04453481635418,20.041381159552152,VERIFIED_ZERO,False
SPC-113-4,113,4,564,2026-09-08T12:03:00,verification,19.97388122077098,19.968924803657917,VERIFIED_ZERO,False
SPC-113-5,113,5,565,2026-09-08T12:04:00,verification,19.991895212059262,19.988793922965183,VERIFIED_ZERO,False
SPC-114-1,114,1,566,2026-09-08T12:15:00,verification,20.01190710731154,20.009628676107976,VERIFIED_ZERO,False
SPC-114-2,114,2,567,2026-09-08T12:16:00,verification,19.963645017917038,19.965741099589952,VERIFIED_ZERO,False
SPC-114-3,114,3,568,2026-09-08T12:17:00,verification,19.935026565272402,19.932863516929608,VERIFIED_ZERO,False
SPC-114-4,114,4,569,2026-09-08T12:18:00,verification,20.0272710083757,20.026291483335804,VERIFIED_ZERO,False
SPC-114-5,114,5,570,2026-09-08T12:19:00,verification,20.03207852408702,20.028671761985144,VERIFIED_ZERO,False
SPC-115-1,115,1,571,2026-09-08T12:30:00,verification,19.98768367667963,19.989599215670715,VERIFIED_ZERO,False
SPC-115-2,115,2,572,2026-09-08T12:31:00,verification,20.023659943617915,20.035169907845926,VERIFIED_ZERO,False
SPC-115-3,115,3,573,2026-09-08T12:32:00,verification,19.899117305478207,19.90459830773294,VERIFIED_ZERO,False
SPC-115-4,115,4,574,2026-09-08T12:33:00,verification,20.080777688703787,20.090924927972324,VERIFIED_ZERO,False
SPC-115-5,115,5,575,2026-09-08T12:34:00,verification,19.995384291780173,19.99143801435678,VERIFIED_ZERO,False
SPC-116-1,116,1,576,2026-09-08T12:45:00,verification,19.97897638758228,19.97479592826644,VERIFIED_ZERO,False
SPC-116-2,116,2,577,2026-09-08T12:46:00,verification,20.000128731806168,19.99748797608895,VERIFIED_ZERO,False
SPC-116-3,116,3,578,2026-09-08T12:47:00,verification,20.091383611401273,20.08412116995913,VERIFIED_ZERO,False
SPC-116-4,116,4,579,2026-09-08T12:48:00,verification,19.970382264244957,19.965861184655935,VERIFIED_ZERO,False
SPC-116-5,116,5,580,2026-09-08T12:49:00,verification,20.011973320291176,20.013665773404913,VERIFIED_ZERO,False
SPC-117-1,117,1,581,2026-09-08T13:00:00,verification,19.982628726263872,19.982199548090563,VERIFIED_ZERO,False
SPC-117-2,117,2,582,2026-09-08T13:01:00,verification,20.02501401765963,20.02928911337178,VERIFIED_ZERO,False
SPC-117-3,117,3,583,2026-09-08T13:02:00,verification,19.968099128473867,19.969914492071943,VERIFIED_ZERO,False
SPC-117-4,117,4,584,2026-09-08T13:03:00,verification,19.966511697749088,19.964794539253116,VERIFIED_ZERO,False
SPC-117-5,117,5,585,2026-09-08T13:04:00,verification,19.958461546764802,19.964175048674008,VERIFIED_ZERO,False
SPC-118-1,118,1,586,2026-09-08T13:15:00,verification,20.052220488458047,20.052023847206275,VERIFIED_ZERO,False
SPC-118-2,118,2,587,2026-09-08T13:16:00,verification,19.983827558481593,19.98250899593779,VERIFIED_ZERO,False
SPC-118-3,118,3,588,2026-09-08T13:17:00,verification,19.91327399343134,19.914627627313774,VERIFIED_ZERO,False
SPC-118-4,118,4,589,2026-09-08T13:18:00,verification,19.98328557521921,19.989241602161364,VERIFIED_ZERO,False
SPC-118-5,118,5,590,2026-09-08T13:19:00,verification,19.991156893419657,20.000363742268142,VERIFIED_ZERO,False
SPC-119-1,119,1,591,2026-09-08T13:30:00,verification,20.012502864199206,20.01221735452083,VERIFIED_ZERO,False
SPC-119-2,119,2,592,2026-09-08T13:31:00,verification,20.01004132974422,20.00680216106066,VERIFIED_ZERO,False
SPC-119-3,119,3,593,2026-09-08T13:32:00,verification,20.007409131860246,20.007414918919363,VERIFIED_ZERO,False
SPC-119-4,119,4,594,2026-09-08T13:33:00,verification,19.89946706924503,19.899868402593253,VERIFIED_ZERO,False
SPC-119-5,119,5,595,2026-09-08T13:34:00,verification,20.034043433779317,20.032245314497853,VERIFIED_ZERO,False
SPC-120-1,120,1,596,2026-09-08T13:45:00,verification,19.974878447766937,19.976212447779144,VERIFIED_ZERO,False
SPC-120-2,120,2,597,2026-09-08T13:46:00,verification,20.045009923417044,20.042316533072576,VERIFIED_ZERO,False
SPC-120-3,120,3,598,2026-09-08T13:47:00,verification,19.970288234378888,19.97268065810186,VERIFIED_ZERO,False
SPC-120-4,120,4,599,2026-09-08T13:48:00,verification,20.04473371463125,20.043442279985523,VERIFIED_ZERO,False
SPC-120-5,120,5,600,2026-09-08T13:49:00,verification,19.97135180698256,19.96944121630824,VERIFIED_ZERO,False
SPC-121-1,121,1,601,2026-09-08T14:00:00,verification,19.987053030936952,19.978907729748684,VERIFIED_ZERO,False
SPC-121-2,121,2,602,2026-09-08T14:01:00,verification,19.97920517826948,19.97085095251227,VERIFIED_ZERO,False
SPC-121-3,121,3,603,2026-09-08T14:02:00,verification,20.06403608069333,20.06974769851654,VERIFIED_ZERO,False
SPC-121-4,121,4,604,2026-09-08T14:03:00,verification,19.984422239535544,19.989748562416423,VERIFIED_ZERO,False
SPC-121-5,121,5,605,2026-09-08T14:04:00,verification,20.019369444213204,20.022925520543556,VERIFIED_ZERO,False
SPC-122-1,122,1,606,2026-09-08T14:15:00,verification,20.002177756015108,20.003494091868202,VERIFIED_ZERO,False
SPC-122-2,122,2,607,2026-09-08T14:16:00,verification,20.012058741328694,20.01531240927518,VERIFIED_ZERO,False
SPC-122-3,122,3,608,2026-09-08T14:17:00,verification,20.03148333062278,20.035600200287327,VERIFIED_ZERO,False
SPC-122-4,122,4,609,2026-09-08T14:18:00,verification,20.085669347087233,20.07903327980009,VERIFIED_ZERO,False
SPC-122-5,122,5,610,2026-09-08T14:19:00,verification,20.05857702988876,20.06281507900082,VERIFIED_ZERO,False
SPC-123-1,123,1,611,2026-09-08T14:30:00,verification,20.036703914644214,20.042696725217287,VERIFIED_ZERO,False
SPC-123-2,123,2,612,2026-09-08T14:31:00,verification,19.99565233835532,19.999905955875377,VERIFIED_ZERO,False
SPC-123-3,123,3,613,2026-09-08T14:32:00,verification,20.02948360809745,20.028712943027553,VERIFIED_ZERO,False
SPC-123-4,123,4,614,2026-09-08T14:33:00,verification,19.980331059043184,19.980243589683134,VERIFIED_ZERO,False
SPC-123-5,123,5,615,2026-09-08T14:34:00,verification,19.95628182674922,19.946477802175153,VERIFIED_ZERO,False
SPC-124-1,124,1,616,2026-09-08T14:45:00,verification,20.022978925377018,20.024137031522915,VERIFIED_ZERO,False
SPC-124-2,124,2,617,2026-09-08T14:46:00,verification,20.027750954550722,20.020675813529362,VERIFIED_ZERO,False
SPC-124-3,124,3,618,2026-09-08T14:47:00,verification,19.952561697249642,19.96150918374464,VERIFIED_ZERO,False
SPC-124-4,124,4,619,2026-09-08T14:48:00,verification,20.00040072620728,20.0115958595963,VERIFIED_ZERO,False
SPC-124-5,124,5,620,2026-09-08T14:49:00,verification,19.989033162245185,19.982386960340055,VERIFIED_ZERO,False
SPC-125-1,125,1,621,2026-09-08T15:00:00,verification,19.974137447126573,19.968482921223362,VERIFIED_ZERO,False
SPC-125-2,125,2,622,2026-09-08T15:01:00,verification,20.06153815372106,20.065870950744163,VERIFIED_ZERO,False
SPC-125-3,125,3,623,2026-09-08T15:02:00,verification,19.939562281353968,19.938699828359532,VERIFIED_ZERO,False
SPC-125-4,125,4,624,2026-09-08T15:03:00,verification,19.96790326832634,19.952746499459654,VERIFIED_ZERO,False
SPC-125-5,125,5,625,2026-09-08T15:04:00,verification,19.935544781492936,19.938916367196825,VERIFIED_ZERO,False
SPC-126-1,126,1,626,2026-09-08T15:15:00,verification,19.957283733117855,19.961607691033823,VERIFIED_ZERO,False
SPC-126-2,126,2,627,2026-09-08T15:16:00,verification,19.965753502290465,19.96860478167113,VERIFIED_ZERO,False
SPC-126-3,126,3,628,2026-09-08T15:17:00,verification,19.93612202197925,19.935028922074228,VERIFIED_ZERO,False
SPC-126-4,126,4,629,2026-09-08T15:18:00,verification,20.00139206002128,20.006211255044843,VERIFIED_ZERO,False
SPC-126-5,126,5,630,2026-09-08T15:19:00,verification,20.060629394473175,20.055670867739163,VERIFIED_ZERO,False
SPC-127-1,127,1,631,2026-09-08T15:30:00,verification,19.96367305056536,19.97270429850349,VERIFIED_ZERO,False
SPC-127-2,127,2,632,2026-09-08T15:31:00,verification,20.00716583802975,20.00552267060798,VERIFIED_ZERO,False
SPC-127-3,127,3,633,2026-09-08T15:32:00,verification,19.95012952421172,19.953144203085625,VERIFIED_ZERO,False
SPC-127-4,127,4,634,2026-09-08T15:33:00,verification,19.957509323300048,19.956948126784393,VERIFIED_ZERO,False
SPC-127-5,127,5,635,2026-09-08T15:34:00,verification,20.026050357888202,20.025525780989472,VERIFIED_ZERO,False
SPC-128-1,128,1,636,2026-09-08T15:45:00,verification,19.97139232271614,19.97282738204367,VERIFIED_ZERO,False
SPC-128-2,128,2,637,2026-09-08T15:46:00,verification,19.956497772909785,19.957877253329613,VERIFIED_ZERO,False
SPC-128-3,128,3,638,2026-09-08T15:47:00,verification,19.96909257817007,19.971999818263694,VERIFIED_ZERO,False
SPC-128-4,128,4,639,2026-09-08T15:48:00,verification,19.997591729251745,19.998989628068514,VERIFIED_ZERO,False
SPC-128-5,128,5,640,2026-09-08T15:49:00,verification,20.042124910706786,20.03998780197955,VERIFIED_ZERO,False
SPC-129-1,129,1,641,2026-09-08T16:00:00,verification,19.98365317828394,19.979041073598758,VERIFIED_ZERO,False
SPC-129-2,129,2,642,2026-09-08T16:01:00,verification,20.025812363593438,20.037538293283692,VERIFIED_ZERO,False
SPC-129-3,129,3,643,2026-09-08T16:02:00,verification,19.95022700386874,19.94531370676519,VERIFIED_ZERO,False
SPC-129-4,129,4,644,2026-09-08T16:03:00,verification,19.983972029234142,19.986223063271876,VERIFIED_ZERO,False
SPC-129-5,129,5,645,2026-09-08T16:04:00,verification,20.032275697920742,20.031607732445813,VERIFIED_ZERO,False
SPC-130-1,130,1,646,2026-09-08T16:15:00,verification,20.0554310074176,20.05509937028392,VERIFIED_ZERO,False
SPC-130-2,130,2,647,2026-09-08T16:16:00,verification,19.97254850604034,19.974038955924154,VERIFIED_ZERO,False
SPC-130-3,130,3,648,2026-09-08T16:17:00,verification,19.954939007363645,19.95208108661535,VERIFIED_ZERO,False
SPC-130-4,130,4,649,2026-09-08T16:18:00,verification,19.902719118938425,19.906492981095152,VERIFIED_ZERO,False
SPC-130-5,130,5,650,2026-09-08T16:19:00,verification,20.01835360050353,20.020146914551354,VERIFIED_ZERO,False
SPC-131-1,131,1,651,2026-09-08T16:30:00,verification,20.036869207067028,20.03732602020971,VERIFIED_ZERO,False
SPC-131-2,131,2,652,2026-09-08T16:31:00,verification,20.014518675722606,20.010907419159306,VERIFIED_ZERO,False
SPC-131-3,131,3,653,2026-09-08T16:32:00,verification,20.004015582588206,20.00585162724274,VERIFIED_ZERO,False
SPC-131-4,131,4,654,2026-09-08T16:33:00,verification,19.924866697947454,19.924910919896544,VERIFIED_ZERO,False
SPC-131-5,131,5,655,2026-09-08T16:34:00,verification,20.05967229925433,20.064651946334333,VERIFIED_ZERO,False
SPC-132-1,132,1,656,2026-09-08T16:45:00,verification,20.037287678393138,20.046215679375056,VERIFIED_ZERO,False
SPC-132-2,132,2,657,2026-09-08T16:46:00,verification,20.000144858399324,20.00444777334261,VERIFIED_ZERO,False
SPC-132-3,132,3,658,2026-09-08T16:47:00,verification,20.04499508986588,20.046532554896178,VERIFIED_ZERO,False
SPC-132-4,132,4,659,2026-09-08T16:48:00,verification,19.989741620697515,19.99862809220033,VERIFIED_ZERO,False
SPC-132-5,132,5,660,2026-09-08T16:49:00,verification,20.074054991972478,20.077777209355553,VERIFIED_ZERO,False
SPC-133-1,133,1,661,2026-09-08T17:00:00,verification,20.03403959760888,20.03734286685465,VERIFIED_ZERO,False
SPC-133-2,133,2,662,2026-09-08T17:01:00,verification,19.96395448258549,19.96241829819032,VERIFIED_ZERO,False
SPC-133-3,133,3,663,2026-09-08T17:02:00,verification,19.994981209013638,19.991651197550134,VERIFIED_ZERO,False
SPC-133-4,133,4,664,2026-09-08T17:03:00,verification,20.021272498213158,20.017542080393724,VERIFIED_ZERO,False
SPC-133-5,133,5,665,2026-09-08T17:04:00,verification,19.95479881900938,19.95708885062246,VERIFIED_ZERO,False
SPC-134-1,134,1,666,2026-09-08T17:15:00,verification,19.994604317822255,19.989159515934016,VERIFIED_ZERO,False
SPC-134-2,134,2,667,2026-09-08T17:16:00,verification,19.998312162111944,20.00219320750039,VERIFIED_ZERO,False
SPC-134-3,134,3,668,2026-09-08T17:17:00,verification,19.984822020418704,19.975299237015122,VERIFIED_ZERO,False
SPC-134-4,134,4,669,2026-09-08T17:18:00,verification,19.9468443292812,19.940384758617704,VERIFIED_ZERO,False
SPC-134-5,134,5,670,2026-09-08T17:19:00,verification,20.053641732959917,20.053920147748837,VERIFIED_ZERO,False
SPC-135-1,135,1,671,2026-09-08T17:30:00,verification,19.97654282385738,19.97398249435837,VERIFIED_ZERO,False
SPC-135-2,135,2,672,2026-09-08T17:31:00,verification,19.993476191492206,19.994145569465413,VERIFIED_ZERO,False
SPC-135-3,135,3,673,2026-09-08T17:32:00,verification,20.037267429737383,20.03291426074587,VERIFIED_ZERO,False
SPC-135-4,135,4,674,2026-09-08T17:33:00,verification,19.99458388063197,19.987576171106156,VERIFIED_ZERO,False
SPC-135-5,135,5,675,2026-09-08T17:34:00,verification,19.965913383964182,19.977118593244104,VERIFIED_ZERO,False
SPC-136-1,136,1,676,2026-09-08T17:45:00,verification,20.017199352151035,20.016462986051714,VERIFIED_ZERO,False
SPC-136-2,136,2,677,2026-09-08T17:46:00,verification,20.00690786945556,20.01565517337492,VERIFIED_ZERO,False
SPC-136-3,136,3,678,2026-09-08T17:47:00,verification,20.040668870946977,20.04783556163707,VERIFIED_ZERO,False
SPC-136-4,136,4,679,2026-09-08T17:48:00,verification,20.00040141961009,20.001033820462073,VERIFIED_ZERO,False
SPC-136-5,136,5,680,2026-09-08T17:49:00,verification,19.9715809005839,19.972045134817815,VERIFIED_ZERO,False
SPC-137-1,137,1,681,2026-09-08T18:00:00,verification,19.967561993588237,19.970671387153903,VERIFIED_ZERO,False
SPC-137-2,137,2,682,2026-09-08T18:01:00,verification,20.04492018443159,20.04233805861229,VERIFIED_ZERO,False
SPC-137-3,137,3,683,2026-09-08T18:02:00,verification,19.999973186602116,20.00814242658446,VERIFIED_ZERO,False
SPC-137-4,137,4,684,2026-09-08T18:03:00,verification,20.053300465563606,20.051089524255097,VERIFIED_ZERO,False
SPC-137-5,137,5,685,2026-09-08T18:04:00,verification,19.960532466025246,19.956608102247337,VERIFIED_ZERO,False
SPC-138-1,138,1,686,2026-09-08T18:15:00,verification,19.986991095102894,19.979209512210655,VERIFIED_ZERO,False
SPC-138-2,138,2,687,2026-09-08T18:16:00,verification,19.98764631498234,19.98088237907337,VERIFIED_ZERO,False
SPC-138-3,138,3,688,2026-09-08T18:17:00,verification,20.07487356045684,20.088026765005825,VERIFIED_ZERO,False
SPC-138-4,138,4,689,2026-09-08T18:18:00,verification,20.018217759063578,20.017412630641953,VERIFIED_ZERO,False
SPC-138-5,138,5,690,2026-09-08T18:19:00,verification,19.938989744341164,19.932549482738757,VERIFIED_ZERO,False
SPC-139-1,139,1,691,2026-09-08T18:30:00,verification,19.982393797188067,19.979854032836254,VERIFIED_ZERO,False
SPC-139-2,139,2,692,2026-09-08T18:31:00,verification,19.98176796549602,19.97893732239452,VERIFIED_ZERO,False
SPC-139-3,139,3,693,2026-09-08T18:32:00,verification,20.035994781993846,20.037653396775383,VERIFIED_ZERO,False
SPC-139-4,139,4,694,2026-09-08T18:33:00,verification,19.99234523631432,19.99453099002428,VERIFIED_ZERO,False
SPC-139-5,139,5,695,2026-09-08T18:34:00,verification,20.021090550777156,20.011465494821234,VERIFIED_ZERO,False
SPC-140-1,140,1,696,2026-09-08T18:45:00,verification,19.948225308918442,19.951010378416292,VERIFIED_ZERO,False
SPC-140-2,140,2,697,2026-09-08T18:46:00,verification,20.020413721018734,20.01752174167723,VERIFIED_ZERO,False
SPC-140-3,140,3,698,2026-09-08T18:47:00,verification,20.047902609528855,20.0475592884264,VERIFIED_ZERO,False
SPC-140-4,140,4,699,2026-09-08T18:48:00,verification,19.90547263592851,19.904245398183647,VERIFIED_ZERO,False
SPC-140-5,140,5,700,2026-09-08T18:49:00,verification,20.01432109914938,20.023027945568355,VERIFIED_ZERO,False
